station_id,station_name,poi_tourism,poi_education,poi_medical,poi_shop,poi_leisure
24321,Oconto Ave & Belmont Ave,0,1,0,1,0
21320,MTV Hubbard St,1,0,0,4,0
1011,Public Rack - Fullerton Ave & Narragansett Ave,1,0,0,2,0
1012,Public Rack - Langley Ave & 49th St,1,1,1,3,0
1013,Public Rack - Pulaski Rd & Lake St,0,0,0,1,0
1014,Public Rack - Richmond St & Thorndale Ave,0,1,0,1,0
1015,Public Rack - Peterson Ave & Drake Ave,0,0,0,0,0
1016,Public Rack - Peterson Ave & Bernard Ave,0,0,0,0,0
1017,Public Rack - Foster Ave & Drake Ave,1,0,0,2,0
1018,Public Rack - Kostner Ave & Wrightwood Ave,0,0,0,7,0
1019,Public Rack - Kostner Ave & Diversey Ave,0,0,0,7,0
1020,Public Rack - Hamlin Ave & Madison St,2,0,0,6,0
1021,Public Rack - Pulaski Rd & Flournoy St,0,0,0,1,0
1022,Public Rack - Ewing Ave & 96th St S,0,0,0,0,0
1023,Public Rack - Brainerd Park,0,1,0,0,0
1024,Public Rack - May St & 87th St,0,1,0,1,0
1025,Public Rack - Sangamon St & 87th St,0,0,0,1,0
1027,Public Rack - Fairfield Ave & 63rd St,0,0,0,0,0
1028,Public Rack - Whipple St & 63rd St,0,2,1,4,0
1029,Public Rack - Maplewood Ave & 63rd St,0,0,0,0,0
1030,Public Rack - Lawndale & 63rd St,0,1,0,1,0
1031,Public Rack - Komensky Ave & 63rd St,1,1,0,1,0
1032,Public Rack - Kedvale Ave & 63rd St W,0,0,0,1,0
1033,Public Rack - Pulaski Rd & 65th St,0,0,0,3,0
1034,Public Rack - Kenneth Ave & 63rd St E,0,0,0,1,0
1035,Public Rack - Western Ave & 62nd St,0,0,0,0,0
1036,Public Rack - Kedzie Ave & 60th St,0,2,0,6,0
1037,Public Rack - Homan Ave & 62nd Pl,0,1,1,1,0
1038,Public Rack - Kedzie Ave & 62nd Pl,0,2,1,4,0
1039,Public Rack - Kedzie Ave & 61st Pl W,0,2,1,4,0
1040,Public Rack - Talman Ave & Pershing Rd,1,0,0,8,0
1041,Public Rack - Throop St & 48t ST,0,0,1,1,0
1042,Public Rack - Laflin St &51st ST,0,0,1,0,0
1043,Public Rack - Loomis Blvd & 47th St,0,0,1,7,0
1044,Public Rack - Western Blvd & 52nd St,0,0,0,2,0
1045,Public Rack - Hoyne Ave & 51st St,0,0,0,0,0
1046,Public Rack - Oakley Ave & 50th Pl,0,0,0,2,0
1047,Public Rack - Maplewood Ave & 47th St,1,1,1,2,0
1048,Public Rack - Western Ave & 47th Pl,0,0,0,9,0
1050,Public Rack - Kedzie Ave & 54th Pl,0,1,1,15,0
1052,Public Rack - Rockwell & Division,3,2,2,29,0
1053,Public Rack - Grand Ave & Lawndale Ave,0,2,0,1,0
1054,Public Rack - Division St & Christiana Ave,0,0,2,8,0
1055,Public Rack - Kedzie Ave & Chicago Ave,0,0,2,8,0
1056,Public Rack - Sawyer Ave & Chicago Ave,0,0,2,8,0
1057,Public Rack - Tripp Ave & North Ave,0,1,0,2,0
1058,Public Rack - Kildare Ave & North Ave,0,1,0,2,0
1059,Public Rack - Garfield Park Conservatory,20,0,0,1,0
1060,Public Rack - Homan Ave & Lake St,2,0,1,3,0
1061,Public Rack - Central Park Ave & Fulton Blvd,19,0,0,0,0
1062,Public Rack - Kedzie Ave & Walnut St,2,1,1,4,0
1063,Public Rack - Independence Blvd & Roosevelt,0,0,0,2,0
1064,Public Rack - Lawndale Ave & Roosevelt,1,1,1,2,0
1065,Public Rack - Homan Ave & Roosevelt,0,1,1,2,0
1066,Public Rack - St Louis Ave & Flournoy St,0,1,1,2,0
1067,Public Rack - Pulaski Rd & Grenshaw St,0,0,0,1,0
1068,Public Rack - Kedvale Ave & 26th St,1,1,0,2,0
1069,Public Rack - Komensky Ave & 26th St,1,1,0,2,0
1070,Public Rack - Lawndale Ave & 23rd St,1,0,6,6,0
1071,Public Rack - Ashland Ave & 74th St,0,0,0,2,0
1072,Public Rack - Washington Park Ct & 51st St,2,2,1,3,0
1073,Public Rack - Pulaski Rd & 85th St,0,0,0,0,0
1074,Public Rack - Pulaski Rd & 83rd St,0,0,0,0,0
1075,Public Rack - 83rd Pl & Kedzie Ave S,0,1,0,0,0
1076,Public Rack - 82nd st & Kedzie Ave,0,2,0,0,0
1077,Public Rack - 83rd Pl & Kedzie Ave N,0,1,0,0,0
1078,Public Rack - 85th Pl & Pulaski Rd,0,0,0,1,0
1079,Public Rack - Kedzie Ave & 83rd St,0,2,0,0,0
1080,Public Rack - Spaulding Ave & 71st St,0,0,0,0,0
1081,Public Rack - Rockwell Ave & 71st St,0,1,0,0,0
1083,Public Rack - 63rd St & Meade Ave,0,0,0,1,0
1084,Public Rack - Linder Ave & 64th Pl,0,1,0,2,0
1085,Public Rack - 63rd Pl & Narraganssett Ave,0,0,0,1,0
1086,Public Rack - 63rd St and Nagle Ave,0,0,0,1,0
1087,Public Rack - Sayre Ave & 59th St,0,0,0,1,0
1088,Public Rack - Natoma Ave & 61st St,0,0,0,1,0
1089,Public Rack - Normandy Ave & Archer Ave,0,1,0,1,0
1090,Public Rack - Minuteman Park,0,0,0,0,0
1091,Public Rack - Mulligan Ave & 56th St,3,2,0,0,0
1092,Public Rack - 56th St & Mulligan Ave,3,2,0,0,0
1093,Public Rack - 61st St & Melvina Ave,0,0,0,1,0
1094,Public Rack - Mason Ave & Archer Ave,0,0,0,3,0
1095,Public Rack - Mobile Ave & Archer Ave,3,2,0,1,0
1096,Public Rack - Austin Ave & Archer Ave,0,0,0,3,0
1097,Public Rack - Meade Ave & Archer Ave,0,0,0,3,0
1098,Public Rack - New England Ave & Irving Park Rd,0,0,0,0,0
1099,Public Rack - Leland Ave & Melvina Ave,0,0,0,1,0
1100,Public Rack - Melvina Ave & Montrose Ave,0,0,0,2,0
1101,Public Rack - Menard Ave & Leland Ave,0,0,0,7,0
1102,Public Rack - Central Ave & Pensacola Ave,0,0,0,2,0
1103,Public Rack - Irving Park Rd & Menard Ave,0,1,1,7,0
1104,Public Rack - Irving Park Rd & Austin Ave,0,1,1,7,0
1105,Public Rack - Irving Park Rd & Parkside Ave,0,3,2,2,0
1106,Public Rack - Irving Park Rd & Melvina Ave,0,1,1,6,0
1107,Public Rack - Milwaukee Ave & Warner Ave,2,0,7,36,0
1108,Public Rack - Cicero Ave & Belle Plaine Ave,2,0,7,45,0
1109,Public Rack - Milwaukee Ave & Sunnyside Ave,0,0,0,9,0
1110,Public Rack - Milwaukee Ave & Culyer Ave,2,0,7,42,0
1111,Public Rack - Lavergne Ave & Belle Plaine Ave,2,0,7,35,0
111111,w. Chicago Warehouse,0,1,0,0,0
1112,Public Rack - Milwaukee Ave & Pensacola Ave,0,0,0,6,0
1113,Public Rack - Irving Park Rd & Leclaire Ave,1,0,7,15,0
1114,Public Rack - Montrose Ave & Lavergne Ave,0,0,0,6,0
1115,Public Rack - Milwaukee Ave & Leland Ave,2,0,1,18,0
1116,Public Rack - Oak Park Ave & Foster Ave,0,0,1,10,0
1117,Public Rack - Nordica Ave & Higgins Ave,0,0,0,3,0
1118,Public Rack - Mont Clare Ave & Higgins Ave,0,0,0,5,0
1119,Public Rack - Central Ave & Lawrence Ave,0,0,0,5,0
1120,Public Rack - Milwaukee Ave & Catalpa Ave,1,0,1,10,0
1121,Public Rack - Milwaukee Ave & Higgins Ave,2,0,1,23,0
1122,Public Rack - Winona St & Elston Ave,0,0,0,7,0
1123,Public Rack - Milwaukee Ave & Lawrence Ave,2,0,1,24,0
1124,Public Rack - Lotus Ave & Lawrence Ave,2,0,1,23,0
1125,Public Rack - Milwaukee Ave & Kennedy Expy,2,0,1,14,0
1126,Public Rack - Milwaukee Ave & Kennedy Expy,1,0,1,10,0
1127,Public Rack - Karlov Ave & Lawrence Ave,0,0,0,7,0
1128,Public Rack - 4810 Keeler Ave,0,0,1,10,0
1129,Public Rack - Elston Ave & Kenneth Ave,0,0,1,5,0
1130,Public Rack - Elston Ave & Gunnison St,0,0,1,3,0
1131,Public Rack - Springfield Ave & Lawrence Ave,0,1,0,9,0
1132,Public Rack - Lawrence Ave & Kimball Ave,5,2,1,15,0
1133,Public Rack - Bernard St & Foster Ave,1,2,0,3,0
1134,Public Rack - Kimball Ave & Lawrence Ave,5,2,1,15,0
1135,Public Rack - Higgins Ave & Neva Ave,0,0,0,5,0
1136,Public Rack - William J Onahan Public School,0,0,0,1,0
1137,Public Rack - Nina Ave & Avondale Ave,0,1,0,7,0
1138,Public Rack - Normandy Ave & Raven St,0,0,0,1,0
1139,Public Rack - Northwest Hwy & Raven St,0,1,0,7,0
1140,Public Rack - Natoma Ave & Bryn Mawr Ave,1,0,0,1,0
1141,Public Rack - Holbrook St & Milwaukee Ave,0,0,0,0,0
1142,Public Rack - Haft Ave & Milwaukee Ave,3,0,0,3,0
1143,Public Rack - Mason Ave & Milwaukee Ave,0,0,1,9,0
1144,Public Rack - Miami Ave & Milwaukee Ave,0,0,0,1,0
1145,Public Rack - Peterson Ave & Milwaukee Ave,0,0,0,3,0
1146,Public Rack - Bryn Mawr Ave & Milwaukee Ave,0,0,1,6,0
1147,Public Rack - Kedvale Ave & Peterson Ave,0,0,0,1,0
1148,Public Rack - Pulaski Rd & Stevens Ave,0,0,0,0,0
1149,Public Rack - Lemont Ave & Keating Ave,0,0,1,3,0
1150,Public Rack - Bryn Mawr Ave & Spaulding Ave,0,1,0,2,0
1152,Public Rack - Pratt Ave & Odell Ave,1,0,0,1,0
1154,Public Rack - Ozanam Ave & Devon Ave,0,0,0,2,0
1155,Public Rack - Olmstead Ave & Oliphant Ave,0,0,0,1,0
1156,Public Rack - Northwest Hwy & Overhill Ave,0,0,0,1,0
1157,Public Rack - Northwest Hwy & Neva Ave,0,0,0,2,0
1158,Public Rack - Northwest Hwy & Highland Ave,0,0,0,1,0
1159,Public Rack - Devon Ave & Minnehaha Ave (east),1,0,0,20,0
1161,Public Rack - Kinzua Ave & Devon Ave,1,0,0,20,0
1162,Public Rack - Leoti Ave & Central Ave (north),1,0,0,20,0
1163,Public Rack - Devon Ave & Minnehaha Ave (west),1,0,0,20,0
1164,Public Rack - Devon Ave & Kinzua Ave,1,0,0,20,0
1165,Public Rack - Devon Ave & Central Ave,1,0,0,20,0
1166,Public Rack - Minnehaha Ave & Devon Ave,1,0,0,20,0
1167,Public Rack - Leoti Ave & Central Ave (south),1,0,0,20,0
1168,Public Rack - Hiawatha Ave & Minnehaha Ave,0,0,0,15,0
1169,Public Rack - Brooks Park,5,0,0,0,0
1170,Public Rack - Ottowa Ave & Touhy Ave,0,0,0,0,0
1171,Public Rack - Overhill Ave & Touhy Ave,0,0,0,0,0
1172,Public Rack - Touhy Ave & Oconto Ave,6,0,0,2,0
1173,Public Rack - Octavia Ave & Touhy Ave,6,0,0,2,0
1174,Public Rack - Osceola Ave & Touhy Ave,0,0,0,1,0
1175,Public Rack - Hiawatha & Mendota,0,0,0,0,0
1176,Public Rack - Imlay & Milwaukee,3,0,0,3,0
1177,Public Rack - Sayer & Northwest Hwy,0,1,0,7,0
1178,Public Rack - Harlem & Palatine,0,0,0,1,0
1179,Public Rack - Oketo & Northwest Hwy,0,0,0,1,0
1180,Public Rack - N. Oakview and W. Gregory St,1,0,0,0,0
1181,Public Rack - Delphina & Foster,0,0,0,3,0
1182,Public Rack - Cumberland & Catherine,0,0,0,1,0
1183,Public Rack - Canfield & Victoria,0,0,1,0,0
1184,Public Rack - Ozman & Talcott,0,0,0,2,0
1185,Public Rack - W. Talcott & N. Oriole,0,0,0,1,0
1186,Public Rack - Oketo & Talcott,0,0,0,0,0
1187,Public Rack - Odell & Talcott,0,0,0,0,0
1188,Public Rack - Harlem & Summerdale,0,0,1,12,0
1189,Public Rack - Neva & Foster,0,0,1,10,0
1190,Public Rack - Neenah & Dakin,0,1,1,10,0
1191,Public Rack - Central & Berteau,0,0,0,2,0
1192,Public Rack - Central & Leland,0,0,0,5,0
1193,Public Rack - Neola & Northwest Hwy,0,0,0,7,0
1194,Public Rack - Norwood Park,1,0,0,1,0
1195,Public Rack - Nashotah & Northwest Hwy,0,0,0,1,0
1196,Public Rack - Mulligan & Northwest Hwy,0,0,0,1,0
1197,Public Rack - Northwest Hwy & Bryn Mawr,0,0,0,2,0
1198,Public Rack - Oak Park & Higgins,0,0,0,0,0
1199,Public Rack - Nagel & Higgins,0,0,0,7,0
1200,Public Rack - Melvina & Foster,0,0,0,8,0
1201,Public Rack - Austin & Higgins,0,0,0,2,0
1202,Public Rack - Mango & Higgins,0,0,1,3,0
1203,Public Rack - Lavergne & Lawrence,0,0,0,1,0
1204,Public Rack - Leamington & Elston,1,0,0,0,0
1205,Public Rack - Lynch & Elston,1,0,0,1,0
1206,Public Rack - Linder & Elston,0,0,0,1,0
1207,Public Rack - Parkside & Elston,0,0,0,0,0
1208,Public Rack - Central & Prescott,0,0,0,3,0
1209,Public Rack - Leader & Caldwell,0,0,0,1,0
1210,Public Rack - Cicero & Rosemont,0,0,0,1,0
1211,Public Rack - Keating & Peterson,0,0,1,3,0
1212,Public Rack - Forest Glen & Peterson,0,0,1,3,0
1213,Public Rack - Kostner & Peterson,0,0,0,0,0
1214,Public Rack - Pulaski & Rosemont,0,0,0,0,0
1215,Public Rack - Avers & Granville,0,0,0,0,0
1216,Public Rack - St Louis & Lincoln,0,1,0,13,0
1217,Public Rack - Christiana & Lincoln,0,0,0,10,0
1218,Public Rack - Central Park & Peterson,0,0,0,0,0
1219,Public Rack - Kimball & Ardmore,0,1,0,0,0
1220,Public Rack - Kostner & Bryn Mawr,0,0,0,0,0
1221,Public Rack - Pulaski & Ardmore,1,0,0,1,0
1222,Public Rack - Central Park & Bryn Mawr,1,0,0,1,0
1223,Public Rack - Kenton & Lawrence,0,0,1,3,0
1224,Public Rack - Kilpatrick & Elston,0,0,1,9,0
1225,Public Rack - Kenneth & Carmen,1,0,0,4,0
1226,Public Rack - Avers & Lawrence,0,1,0,9,0
1227,Public Rack - Monticello & Lawrence,0,1,1,11,0
1228,Public Rack - S. New England/ W. 65th,0,0,0,0,0
12282023,West - Chi - Cassette Repair,0,0,0,0,0
1229,Public Rack - Nordica & Archer,0,0,0,2,0
1230,Public Rack - Newcastle & Archer,0,0,0,1,0
1231,Public Rack - Neenah & Archer,3,2,0,1,0
1232,Public Rack - Rutherford & 53rd,0,1,0,1,0
1233,Public Rack - McVicker & 52nd,0,0,0,3,0
1234,Public Rack - Linder & 51st,0,0,0,4,0
1235,Public Rack - Lockwood & Archer,0,1,0,4,0
1236,Public Rack - Parkside & Archer,0,1,0,9,0
1237,Public Rack - Mason & Archer,0,0,0,3,0
1238,Public Rack - Austin & 62nd,0,0,0,1,0
1239,Public Rack - S Menard & W 63rd,0,1,0,1,0
1240,Public Rack - Parkside & 63rd,0,1,0,1,0
1241,Public Rack - Harlem and W. 59th,0,1,0,3,0
1242,Public Rack - Cicero & 64th,1,0,0,3,0
1243,Public Rack - Ford City Mall,0,0,1,21,0
1244,Public Rack - Western & 74th,0,0,0,0,0
1245,Public Rack - Artesian & 71st,0,0,0,0,0
1248,Public Rack - Sacramento & 71st,0,0,0,0,0
1249,Public Rack - Kedzie & 73rd,0,0,0,0,0
1251,Public Rack - Kedzie & 71st,0,0,0,0,0
1252,Public Rack - Troy & 71st,0,0,0,0,0
1253,Public Rack - Hamlin & 72nd,0,0,0,1,0
1254,Public Rack - Springfield & 71st,0,0,1,5,0
1255,Public Rack - Pulaski & 74th,0,0,0,0,0
1256,Public Rack - Springfield & 79th,0,0,0,0,0
1257,Public Rack - S. Kilpatrick and W. 79th,0,0,0,18,0
1259,Public Rack - Kostner & 83rd,0,0,0,0,0
1260,Public Rack - Pulaski & 84th,0,0,0,0,0
1261,Public Rack - St Louis & 83rd,0,1,0,0,0
1262,Public Rack - St Louis & Columbus,0,1,0,1,0
1263,Public Rack - Columbus & 79th,0,1,0,1,0
1264,Public Rack - Homan & 79th,0,0,0,1,0
1265,Public Rack - Homan & 77th,0,0,0,0,0
1266,Public Rack - California & 87th,0,0,1,1,0
1267,Public Rack - California & 82nd,0,0,0,0,0
1268,Public Rack - Mozart & 79th,0,0,0,1,0
1269,Public Rack - Western & 79th,0,0,0,1,0
1271,Public Rack - Western & 83rd,0,0,0,1,0
1272,Public Rack - Damen & 81st,0,2,0,0,0
1273,Public Rack - Horner & 85th,0,2,0,0,0
1274,Public Rack - Damen & 87th,3,1,0,0,0
1275,Public Rack - Norwood Park Station ,0,1,0,7,0
1276,Public Rack - Hollywood Park,0,0,0,1,0
1277,Public Rack - Peterson Park,1,0,0,0,0
1278,Public Rack - Wentworth Park,3,2,0,0,0
1279,Public Rack - Richard Daley College,0,0,0,0,0
1280,Public Rack - Wilbur Wright College South,0,0,1,6,0
1281,Public Rack - Wilbur Wright College North,0,1,0,3,0
1282,Public Rack - Wrightwood Metra Station,0,1,0,1,0
1283,Public Rack - Ashburn Metra ,0,0,0,0,0
1284,Public Rack - Forest Glen Station ,1,0,0,0,0
13001,Michigan Ave & Washington St,26,2,11,94,0
13006,LaSalle St & Washington St,11,1,9,77,0
13008,Millennium Park,22,2,7,84,0
13011,Canal St & Adams St,11,2,3,31,0
13016,St. Clair St & Erie St,23,2,6,109,0
13017,Franklin St & Chicago Ave,2,0,1,15,0
13021,Clinton St & Lake St,6,0,1,28,0
13022,Streeter Dr & Grand Ave,18,0,1,10,0
13028,900 W Harrison St,13,1,0,10,0
13029,Field Museum,17,0,0,0,0
13033,Milwaukee Ave & Grand Ave,1,0,0,7,0
13034,Michigan Ave & Pearson St,16,1,3,149,0
13036,Michigan Ave & Madison St,26,2,12,96,0
13037,Clinton St & Tilden St,5,2,3,13,0
13042,Michigan Ave & Oak St,11,0,2,128,0
13045,Dearborn St & Erie St,16,1,1,83,0
13050,State St & Kinzie St,35,2,8,77,0
13053,Green St & Washington Blvd,7,0,7,73,0
13056,Canal St & Monroe St,13,2,4,43,0
13058,Dayton St & North Ave,0,0,2,41,0
13059,Sheridan Rd & Argyle St,5,1,5,44,0
13061,Ashland Ave & Division St,3,2,1,44,0
13063,Sheridan Rd & Irving Park Rd,1,2,3,38,0
13068,Western Ave & Winnebago Ave,1,1,0,22,0
13071,Southport Ave & Roscoe St,6,1,2,13,0
13073,Ashland Ave & Lake St,3,1,0,1,0
13074,Broadway & Wilson Ave,3,2,1,19,0
13075,Wentworth Ave & Cermak Rd,15,1,1,32,0
13080,Hermitage Ave & Polk St,6,2,2,3,0
13081,Ogden Ave & Congress Pkwy,3,2,6,3,0
13083,Indiana Ave & 40th St,0,3,0,3,0
13084,California Ave & Milwaukee Ave,1,0,1,39,0
13085,Kedzie Ave & Milwaukee Ave,3,0,1,48,0
13089,Damen Ave & Cullerton St,1,1,0,4,0
13091,Western Ave & 21st St,0,0,1,12,0
13096,California Ave & 21st St,1,1,0,1,0
13099,Halsted St & 18th St,2,1,0,4,0
13102,Calumet Ave & 18th St,5,1,0,0,0
13108,Broadway & Argyle St,5,0,5,44,0
13109,Broadway & Berwyn Ave,0,0,2,12,0
13124,Cannon Dr & Fullerton Ave,21,0,0,4,0
13128,Clark St & North Ave,6,1,1,19,0
13132,Damen Ave & Chicago Ave,1,2,0,13,0
13133,Damen Ave & Cortland St,5,0,0,25,0
13134,Damen Ave & Madison St,4,0,0,1,0
13135,Blue Island Ave & 18th St,7,1,1,19,0
13136,Damen Ave & Division St,0,0,0,20,0
13137,Broadway & Barry Ave,1,1,3,46,0
13138,Canal St & Jackson Blvd,10,2,2,24,0
13139,Throop St & Taylor St,3,0,1,10,0
13143,Damen Ave & Melrose Ave,0,0,0,12,0
13144,Seeley Ave & Roscoe St,0,1,0,17,0
13146,Clark St & Armitage Ave,15,1,0,4,0
13150,Michigan Ave & 18th St,2,2,0,7,0
13154,Sheffield Ave & Kingsbury St,1,0,4,41,0
13155,Racine Ave & Randolph St,4,1,3,31,0
13156,Aberdeen St & Monroe St,3,0,0,27,0
13157,Aberdeen St & Jackson Blvd,4,0,0,20,0
13158,Peoria St & Jackson Blvd,10,1,4,40,0
13160,May St & Taylor St,2,0,1,6,0
13162,Halsted St & 21st St,2,1,0,3,0
13163,Morgan St & 18th St,2,1,0,7,0
13164,Racine Ave & 18th St,3,0,0,16,0
13165,Racine Ave & 13th St,2,0,1,0,0
13179,Clark St & Lincoln Ave,10,1,0,8,0
13191,Sedgwick St & Webster Ave,25,0,0,13,0
13192,Halsted St & Dickens Ave,4,1,2,24,0
13193,Larrabee St & Webster Ave,6,1,0,29,0
13194,Ogden Ave & Race Ave,0,0,0,10,0
13196,Carpenter St & Huron St,1,3,0,14,0
13197,Elizabeth St & Fulton St,1,1,2,14,0
13206,Loomis St & Jackson Blvd,0,2,0,5,0
13213,State St & 29th St,0,2,1,4,0
13215,Rhodes Ave & 32nd St,1,0,0,2,0
13216,State St & 33rd St,3,0,0,6,0
13217,Calumet Ave & 33rd St,2,0,1,11,0
13221,Wood St & Milwaukee Ave,2,1,2,84,0
13224,Ashland Ave & Blackhawk St,1,0,1,34,0
13229,Southport Ave & Belmont Ave,7,4,2,15,0
13235,Southport Ave & Waveland Ave,6,1,0,14,0
13241,Western Ave & Division St,2,3,2,19,0
13242,Milwaukee Ave & Rockwell St,1,0,0,26,0
13243,Milwaukee Ave & Wabansia Ave,12,1,0,60,0
13245,Claremont Ave & Hirsch St,3,1,0,13,0
13247,Ashland Ave & Chicago Ave,4,1,0,16,0
13248,Ashland Ave & Augusta Blvd,7,0,0,27,0
13249,Ashland Ave & Belle Plaine Ave,2,1,0,4,0
13253,Lincoln Ave & Waveland Ave,1,4,2,21,0
13256,California Ave & Division St,3,0,0,6,0
13257,Campbell Ave & North Ave,1,1,0,14,0
13258,California Ave & North Ave,2,1,1,4,0
13259,California Ave & Francis Pl (Temp),1,0,0,16,0
13263,Columbus Dr & Randolph St,14,1,5,11,0
13265,Kingsbury St & Erie St,0,1,0,3,0
13266,Stave St & Armitage Ave,1,0,0,23,0
13268,Damen Ave & Wellington Ave,0,0,0,0,0
13269,Ashland Ave & Wellington Ave,0,2,2,13,0
13271,Damen Ave & Clybourn Ave,2,0,0,12,0
13276,Stockton Dr & Wrightwood Ave,9,3,4,18,0
13277,Broadway & Belmont Ave,1,0,3,47,0
13278,Broadway & Cornelia Ave,1,0,3,34,0
13285,Wood St & Taylor St (Temp),3,1,2,4,0
13288,Damen Ave & Charleston St,1,0,0,9,0
13289,Eckhart Park,2,0,0,10,0
13290,Noble St & Milwaukee Ave,3,2,0,12,0
13292,Kedzie Ave & Palmer Ct,2,0,2,10,0
13294,Greenview Ave & Diversey Pkwy,0,6,1,9,0
13296,Ashland Ave & Wrightwood Ave,0,0,0,17,0
13300,DuSable Lake Shore Dr & Monroe St,4,0,0,1,0
13303,Clark St & Chicago Ave,7,1,2,51,0
13304,Racine Ave & 15th St,1,0,0,11,0
13307,Laflin St & Cullerton St,15,1,1,19,0
13319,Ashland Ave & Grace St,0,1,0,6,0
13323,Broadway & Sheridan Rd,1,4,2,49,0
13325,Broadway & Waveland Ave,3,2,4,38,0
13326,Canal St & Harrison St,1,0,2,5,0
13331,May St & Cullerton St,1,1,0,10,0
13332,Loomis St & Lexington St,3,1,0,7,0
13338,Mies van der Rohe Way & Chicago Ave,18,2,5,108,0
13341,Canal St & Madison St,12,2,2,43,0
13345,Calumet Ave & 35th St,1,0,1,12,0
13353,Ada St & Washington Blvd,4,1,0,11,0
13354,Ashland Ave & 13th St,1,1,1,8,0
13379,Clarendon Ave & Gordon Ter,2,2,3,29,0
13389,Clarendon Ave & Junior Ter,4,0,2,18,0
13398,Blackstone Ave & Hyde Park Blvd,2,0,1,32,0
13409,Sangamon St & Washington Blvd,5,0,5,73,0
13420,MLK Jr Dr & Pershing Rd,0,0,0,1,0
13427,Cityfront Plaza Dr & Pioneer Ct,34,1,7,75,0
13430,LaSalle St & Illinois St,21,1,3,48,0
13431,Adler Planetarium,4,0,0,0,0
13432,Wood St & Hubbard St,1,1,0,6,0
13434,Ashland Ave & Grand Ave,1,1,0,5,0
1523185.1,Mason Ave & Grand Ave,0,0,0,1,0
1524189,Lowell Ave & Armitage,0,1,0,2,0
15442,Ashland Ave & Archer Ave,0,0,0,11,0
15443,Shields Ave & 28th Pl,0,0,0,4,0
15445,Wentworth Ave & 33rd St,2,1,0,5,0
15446,Racine Ave & 35th St,1,0,0,2,0
15449,State St & Pershing Rd,0,3,0,3,0
15470,Calumet Ave & 51st St,3,2,1,3,0
15491,63rd St Beach,4,0,0,0,0
15529,Mies van der Rohe Way & Chestnut St,13,2,2,130,0
15530,Rush St & Superior St,20,1,4,156,0
15534,Field Blvd & South Water St,10,1,1,5,0
15535,Desplaines St & Randolph St,3,0,3,49,0
15539,Desplaines St & Jackson Blvd,10,3,4,39,0
15541,Buckingham Fountain,28,1,1,6,0
15541.1.1,Buckingham - Fountain,31,1,1,7,0
15542,Clinton St & Polk St,4,0,1,24,0
15544,Shedd Aquarium,16,0,0,0,0
15545,Burnham Harbor,5,0,0,1,0
15546,Calumet Ave & 21st St,2,1,0,3,0
15550,Canal St & Taylor St,3,0,2,35,0
15571,Broadway & Granville Ave,4,0,0,13,0
15575,Broadway & Thorndale Ave,0,0,1,5,0
15576,Lakefront Trail & Bryn Mawr Ave,1,0,0,4,0
15578,Broadway & Ridge Ave,0,0,2,19,0
15585,Budlong Woods Library,0,2,0,1,0
15597,Halsted St & 69th St,0,0,0,2,0
15599,Calumet Ave & 71st St,1,3,0,4,0
15615,Christiana Ave & Lawrence Ave,5,2,1,14,0
15621,Albany Ave & Montrose Ave,0,0,0,6,0
15622,California Ave & Montrose Ave,6,0,0,4,0
15623,Campbell Ave & Montrose Ave,4,1,0,4,0
15624,Avondale Ave & Irving Park Rd,0,0,0,6,0
15628,California Ave & Byron St,0,0,0,6,0
15631,Troy St & Elston Ave,0,0,0,11,0
15632,Talman Ave & Addison St,2,0,1,0,0
15634,Western Ave & Roscoe St,3,0,0,16,0
15640,Avers Ave & Belmont Ave,1,0,1,11,0
15642,California Ave & Fletcher St,0,1,1,4,0
15643,Kosciuszko Park,0,0,0,7,0
15644,Central Park Ave & Elbridge Ave,0,0,1,26,0
15645,Richmond St & Diversey Ave,0,0,2,7,0
15646,California Ave & Altgeld St,0,0,1,37,0
15648,Campbell Ave & Fullerton Ave,0,0,0,16,0
15650,Spaulding Ave & Armitage Ave,2,0,2,6,0
15651,Humboldt Blvd & Armitage Ave,2,0,1,9,0
15652,Central Park Ave & North Ave,0,1,0,8,0
15653,Troy St & North Ave,2,0,0,8,0
15654,Spaulding Ave & Division St,0,1,1,1,0
15655,Albany Ave & Bloomingdale Ave,2,0,2,7,0
15664,Artesian Ave & Hubbard St,0,1,0,5,0
15666,California Ave & Lake St,1,0,0,2,0
15667,Western Ave & Monroe St,0,0,0,8,0
15668,Western Ave & Congress Pkwy,0,1,0,3,0
15682,Kedzie Ave & Roosevelt Rd,2,1,0,2,0
15685,Central Park Ave & Ogden Ave,2,0,2,1,0
15686,Kedzie Ave & 21st St,1,2,0,2,0
15687,Central Park Ave & 24th St,0,0,1,10,0
15689,California Ave & 23rd Pl,0,3,0,1,0
15691,Albany Ave & 26th St,0,1,4,5,0
15692,California Ave & 26th St,0,1,0,0,0
16010,Keystone Ave & Fullerton Ave,0,1,0,14,0
16806,Bosworth Ave & Howard St,0,0,0,20,0
16903,Cicero Ave & Lake St,0,0,0,0,0
16905,Central Ave & Lake St,0,1,0,1,0
16906,Austin Blvd & Lake St,0,0,0,0,0
16907,Central Park Blvd & 5th Ave,1,0,0,1,0
16912,Cicero Ave & Flournoy St,0,0,0,0,0
16913,Cicero Ave & Quincy St,0,0,0,1,0
16915,Central Ave & Harrison St,0,2,0,0,0
16916,Central Ave & Madison St,0,1,0,3,0
16918,Austin Blvd & Madison St,2,3,0,1,0
16920,Central Ave & Chicago Ave,0,3,0,1,0
16921,Austin Blvd & Chicago Ave,0,1,0,3,0
16932,Ashland Ave & Pershing Rd,0,1,0,0,0
16933,Morgan St & Pershing Rd,0,0,0,1,0
16937,Ashland Ave & McDowell Ave,0,0,2,7,0
16940,Ashland Ave & 50th St,1,0,2,0,0
16943,Ashland Ave & Garfield Blvd,0,2,0,1,0
16948,Ashland Ave & 63rd St,1,0,0,4,0
16950,Ashland Ave & 66th St,0,0,0,1,0
16951,Damen Ave & 74th St,0,0,0,0,0
16953,Vincennes Ave & 75th St,0,1,0,3,0
16970,Bennett Ave & 79th St,0,0,0,2,0
16991,Milwaukee Ave & Cuyler Ave,2,0,7,42,0
16994,Kilbourn Ave & Milwaukee Ave,0,0,0,1,0
17660,California Ave & Cortez St,2,0,0,7,0
18003,Fairbanks St & Superior St,15,2,5,78,0
18016,Bernard St & Elston Ave,0,0,0,4,0
18017,Central Park Ave & Bloomingdale Ave,2,0,1,6,0
18022,Archer (Damen) Ave & 37th St,3,0,0,2,0
18025,Carpenter St & 63rd St,0,0,1,7,0
18058,Leavitt St & Chicago Ave,4,2,0,17,0
18062,Aberdeen St & Randolph St,4,0,3,56,0
18067,Walsh Park,1,1,1,6,0
18069,Cherry Ave & Blackhawk St,0,0,0,16,0
20,Damen Ave & Wabansia Ave,11,0,1,0,0
2000,Old Hastings Monolith,0,0,0,2,0
20101,Summit Ave & 86th St,0,0,0,1,0
20102,Loomis St & 89th St,0,1,0,1,0
20103,Prospect Sq & 91st St,0,0,0,0,0
20104,State St & 95th St,0,0,0,0,0
20105,Halsted St & 96th St,0,0,0,0,0
20106,Chicago State University,1,0,0,0,0
20107,Walden Pkwy & 100th St,1,0,0,0,0
20108,Hale Ave & 107th St,0,0,0,0,0
20109,Vernon Ave & 107th St,0,1,0,0,0
20110,Eberhart Ave & 91st St,0,1,0,0,0
20111,Olive Harvey College,1,0,0,0,0
20112,Indiana Ave & 103rd St,0,0,0,2,0
20113,Dauphin Ave & 103rd St,1,0,0,0,0
20114,Doty Ave & 111th St,0,0,1,4,0
20115,Martin Luther King Dr & 111th St,2,1,0,1,0
20116,Dauphin Ave & 87th St,0,1,1,10,0
20118,Eggleston Ave & 92nd St,0,0,0,0,0
20119,Elizabeth St & 92nd St,0,1,0,0,0
20120,Stewart Ave & 83rd St,0,0,0,2,0
20121,Loomis Blvd & 84th St,0,0,0,0,0
20123,Western Ave & 104th St,0,1,0,1,0
20124,Vincennes Ave & 104th St,0,0,0,0,0
20125,Halsted St & 104th St,1,0,0,2,0
20126,S Aberdeen St & W 106th St,0,0,0,0,0
20127,Halsted St & 111th St,2,0,1,0,0
20128,S Wentworth Ave & W 111th St,0,0,1,0,0
20129,Ada St & 113th St,0,0,0,0,0
20130,Wentworth Ave & 104th St,0,0,0,0,0
20131,Cottage Grove Ave & 111th Pl,2,1,0,1,0
20133,Woodlawn & 103rd - Olive Harvey Vaccination Site,1,0,0,0,0
20134,Maryland Ave & 104th St,0,0,0,0,0
20201,Kedzie Ave & 104th St,0,0,0,0,0
20202,W 103rd St & S Avers Ave,0,0,0,1,0
20203,Lawndale Ave & 111th St,0,0,0,0,0
20204,Kedzie Ave & 110th St,0,0,0,3,0
20205,Western Ave & 111th St,0,0,0,2,0
20206,Homewood Ave & 115th St,0,0,0,0,0
20207,Major Taylor Trail & 115th St,0,0,0,5,0
20208,Major Taylor Trail & 124th St,0,1,0,1,0
20209,S Michigan Ave & E 118th St,0,2,0,0,0
20210,State St & 123rd St,0,0,0,2,0
20211,Eberhart Ave & 131st St,0,0,0,1,0
20212,Altgeld Gardens,0,1,0,0,0
20213,Commercial Ave & 130th St,0,0,0,0,0
20214,Avenue O & 134th St,0,0,0,0,0
20215,Hegewisch Metra Station,0,0,0,0,0
20217,Torrence Ave & 126th Pl,0,0,0,0,0
20218,Avenue O & 118th St,0,0,1,6,0
20219,Burnham Greenway & 112th St,1,0,0,1,0
20220,Avenue L & 114th St,0,0,0,1,0
20221,Torrence Ave & 106th St,0,0,0,1,0
20222,Burnham Greenway & 105th St,3,0,0,1,0
20223,Ewing Ave & Burnham Greenway,1,0,0,6,0
20224,Calumet Park,1,0,0,5,0
20225,Commercial Ave & 100th St,0,0,0,0,0
20226,Oglesby Ave & 100th St,0,1,0,0,0
20227,Bradley Park,0,1,0,0,0
20228,Constance Ave & 95th St,0,1,0,9,0
20229,Baltimore Ave & 87th St,1,0,1,4,0
20230,Clyde Ave & 87th St,0,2,0,1,0
20231,East End Ave & 87th St,0,0,1,6,0
20232,Big Marsh Park,1,0,0,0,0
20233,Halsted St & 78th St,0,2,0,1,0
20234,Ashland Ave & 78th St,0,4,0,2,0
20235,Greenwood Ave & 91st St,0,0,0,0,0
20236,Stony Island Ave & 90th St,1,1,0,3,0
20237,Yates Blvd & 93rd St,0,0,0,1,0
20238,Greenwood Ave & 97th St,0,0,0,2,0
20239,Marquette Ave & 89th St,0,3,0,0,0
20240,Indiana Ave & 133rd St,0,0,0,0,0
20241,Steelworkers Park,1,0,0,0,0
20242,Houston Ave & 92nd St,4,0,1,9,0
20243,Michigan Ave & 114th St,0,5,0,1,0
20244,Halsted St & 73rd St,0,0,0,3,0
20245,Ashland Ave & 74th St,0,2,0,2,0
20246,N Green St & W Lake St,2,0,1,11,0
20247,W Washington Blvd & N Peoria St,5,1,4,58,0
20248,N Hampden Ct & W Diversey Ave,9,3,4,25,0
202480,Hampden Ct & Diversey Ave,9,3,4,25,0
20249,N Clark St & W Elm St,5,2,3,103,0
20251,N Carpenter St & W Lake St,2,0,1,11,0
20252,W Oakdale Ave & N Broadway,2,0,1,19,0
20253,N Paulina St & Lincoln Ave,2,1,2,14,0
20254,W Armitage Ave & N Sheffield Ave,3,2,2,18,0
20255,N Damen Ave & W Chicago Ave,1,3,0,19,0
20256,N Sheffield Ave & W Wellington Ave,2,2,5,47,0
20257,N Southport Ave & W Newport Ave,0,1,2,8,0
20258,N Damen Ave & W Wabansia St,11,0,1,81,0
20260,Ping Tom Park (East),5,2,0,6,0
2059 Hastings Warehouse Station,NewHastings,1,0,0,9,0
20999,Lyft Driver Center Private Rack,1,2,0,6,0
21303,Kildare Ave & Division St,0,1,0,0,0
21309,Narragansett Ave & McLean Ave,0,0,0,1,0
21314,Narragansett Ave & Wrightwood Ave,0,0,0,25,0
21320,Orange Ave & Addison St,0,0,0,0,0
21322,Grace & Cicero,1,0,0,34,0
21323,Merrimac Park,0,1,1,7,0
21326,Harlem Ave & Irving Park Rd,0,0,1,67,0
21327,Pittsburgh Ave & Irving Park Rd,0,0,0,0,0
21331,21st St & Pulaski Rd,1,0,5,6,0
21336,La Villita Park,0,0,1,1,0
21339,Pershing Rd & Sacramento Ave,0,0,0,2,0
21340,Pulaski Rd & Ann Lurie Pl,0,0,0,12,0
21349,Spaulding Ave & 63rd,0,2,1,4,0
21351,Wellington Ave & Mulligan Ave,2,1,1,4,0
21352,Sayre Ave & Diversey Ave,0,0,0,3,0
21356,Lavergne Ave & Fullerton Ave,0,0,1,4,0
21359,Kilbourn Ave & Belden Ave,0,0,0,2,0
21360,Kilbourn Ave & Roscoe St,0,0,0,1,0
21361,Kenosha Ave & Wellington Ave,0,0,0,0,0
21366,Spaulding Ave & 16th,1,1,0,0,0
21367,Mayfield Ave & Roosevelt Rd,0,2,0,7,0
21371,Kildare & Chicago Ave,0,2,0,0,0
21377,Harlem Ave & Bloomingdale Ave,0,0,2,17,0
21378,Nordica Ave & Medill Ave,0,0,0,4,0
21379,Rockwell St & Archer Ave\t,1,0,0,9,0
21385,St Louis Ave & Norman Bobbins Pl,0,0,0,10,0
21393,Oketo Ave & Addison,0,0,0,1,0
21544,State St & Chicago Ave,14,1,3,134,0
22001,Wells St & Institute Pl,2,0,1,17,0
22002,Woodlawn Ave & 58th St,3,0,0,7,0
22003,University Ave & 59th St,3,0,0,5,0
22004,Blackstone Ave & 59th St,3,0,0,10,0
22005,Drexel Ave & 60th St,3,0,1,2,0
23001,Elizabeth St & Randolph St,3,1,3,21,0
23002,Lincoln Ave & Byron St,0,0,5,34,0
23003,Halsted St & Fulton St,1,0,2,42,0
23101,McCormick Blvd & Devon Ave,0,0,0,15,0
23104,California Ave & Granville Ave,0,0,0,3,0
23106,Kenneth Ave & Lawrence Ave,0,0,1,4,0
23107,Karlov Ave & Lawrence Ave,0,0,0,7,0
23108,Monticello Ave & Lawrence Ave,0,1,1,11,0
23110,Keeler Ave & Carmen Ave,2,0,1,1,0
23112,St Louis Ave & Foster Ave,0,2,0,3,0
23113,Scottsdale Park,0,0,0,1,0
23114,Kildare Ave & 85th St,0,0,0,0,0
23115,Pulaski Rd & 84th St,0,0,0,0,0
23116,Columbus Ave & 83rd Pl,0,0,0,0,0
23117,Kedzie Ave & 83rd St,0,2,0,0,0
23119,Francisco Ave & 85th St,0,0,1,0,0
23120,Damen Ave & 81st St,0,2,0,0,0
23121,Damen Ave & 87th St,3,1,0,0,0
23122,Paulina Ave & 87th St,0,1,0,2,0
23123,Dan Ryan Woods & 83rd St,0,0,0,1,0
23124,Wood St & 84th St,0,2,0,0,0
23126,Springfield Ave & 80th St,0,0,0,1,0
23128,Columbus Ave & 79th St,0,1,0,1,0
23129,Mozart St & 79th St,0,0,0,1,0
23131,Western Ave & 79th St,0,0,0,1,0
23136,Kedzie Ave & 73rd St,0,0,0,0,0
23137,Springfield Ave & 71st St,0,0,1,5,0
23138,St. Louis & 71st St,0,0,0,0,0
23139,Kedzie Ave & Redfield Dr,0,0,0,0,0
23140,California Ave & 71st St,1,1,0,0,0
23141,Artesian Ave & 71st St,0,0,0,0,0
23142,Artesian Ave & Marquette Rd,0,0,0,0,0
23143,Kedzie Ave & 66th Pl,1,1,0,0,0
23162,Marmora Ave & Irving Park Rd,0,1,1,8,0
23163,Laramie Ave & Irving Park Rd,0,0,0,2,0
23164,Grace St & Central Ave,0,1,0,1,0
23165,Cicero Ave & Roscoe Ave,0,1,0,2,0
23166,Major Ave & Addison St,0,1,0,1,0
23167,Laramie Ave & Addison St,0,2,0,3,0
23170,Marmora Ave & Belmont Ave,0,1,0,3,0
23171,Leclaire Ave & Belmont Ave,0,1,0,2,0
23172,Kostner Ave & Belmont Ave,0,0,0,0,0
23173,Central Ave & Wellington Ave,0,1,0,5,0
23175,Mango Ave & Diversey Ave,0,0,0,5,0
23180,Cicero Ave & Wrightwood Ave,0,0,1,8,0
23182,Central Ave & Altgeld St,0,2,0,0,0
23187,Lockwood Ave and Grand Ave,0,0,0,0,0
23190,Karlov Ave & Armitage Ave,0,1,0,5,0
23191,Springfield Ave & North Ave,1,2,0,3,0
23192,Kildare Ave & North Ave,0,0,0,5,0
23210,Central Park Ave & Washington Blvd,3,0,0,0,0
23215,Lexington & California Ave,0,2,0,1,0
24130,Western Ave & 81st St,0,0,0,1,0
24132,Damen Ave & 77th St,0,0,0,0,0
24135,Homan Ave & 77th St,0,0,0,0,0
24144,Central Park Ave & 66th St,0,0,0,0,0
24145,Pulaski Rd & 68th St,0,0,1,7,0
24146,Knox Ave & Marquette Ave,0,0,0,0,0
24147,Sacramento Ave & Pratt Blvd,0,1,0,0,0
24148,Fairfield Ave & Pratt Blvd,0,2,0,0,0
24149,Sacramento Ave & Lunt Ave,1,0,0,1,0
24150,North Boundary Park,1,0,0,18,0
24151,California Ave & Touhy Ave,1,0,0,4,0
24153,Kostner Ave & Bryn Mawr Ave,0,0,0,0,0
24155,Kostner Ave & Devon Ave,0,0,0,0,0
24156,Glenlake Ave & Pulaski Rd,0,0,0,0,0
24157,Central Park Ave & Ardmore Ave,0,0,0,0,0
24158,Bernard St & Peterson Ave,0,0,0,2,0
24159,Kedvale Ave & Peterson Ave,0,0,0,1,0
24174,Cicero Ave & Wellington Ave,0,0,0,8,0
24178,Meade Ave & Fullerton Ave,0,0,0,1,0
24194,Laramie Ave & Bloomingdale Ave,0,0,0,0,0
24196,Mango Ave & North Ave,0,0,0,3,0
24198,Lawler Ave & North Ave,0,1,0,8,0
24199,Monitor Ave & Division St,1,1,0,2,0
24200,Pine Ave & Division St,0,0,0,3,0
24203,Harding Ave & Division St,0,2,0,2,0
24207,Harding Ave & Chicago Ave,0,3,0,4,0
24212,California Ave & Madison St,0,0,0,2,0
24213,Kedzie Ave & Jackson Blvd,0,2,0,1,0
24220,Homan Ave & Arthington Ave,0,1,1,3,0
24225,Avers Ave & 16th St,1,3,1,0,0
24230,Homan Ave & 26th St,0,1,2,8,0
24234,Harding Ave & 31st St,0,0,0,0,0
24237,Wood St & 33rd St,0,0,1,6,0
24240,Kedzie Ave & 38th St,0,0,0,0,0
24243,Kedzie Ave & Archer Ave,0,0,0,3,0
24244,California Ave & 41st St,1,3,0,6,0
24245,Western Ave & 43rd St,0,0,0,1,0
24246,Archer Ave & Homan Ave,0,0,0,2,0
24250,Rockwell St & 47th St,1,1,1,2,0
24252,Lavergne Ave & 44th St,0,0,0,1,0
24253,Lamon Ave & 47th St,0,0,0,3,0
24255,Komensky Ave & 47th St,1,0,0,1,0
24257,Archer Ave & 49th St,1,0,0,4,0
24258,Kilbourn Ave & 49th St,0,0,0,1,0
24261,St Louis Ave & 51st St,0,0,0,0,0
24263,Sacramento Ave & 51st St,0,0,0,1,0
24266,Kedzie Ave & 54th Pl,0,1,1,15,0
24267,Mozart St & 55th St,1,0,0,3,0
24273,Kedzie Ave & 60th St,0,2,0,8,0
24279,Lawndale Ave & 59th St,0,0,0,1,0
24281,Pulaski Rd & 54th St,0,0,1,11,0
24283,Pulaski Rd & 60th Pl,1,0,0,4,0
24285,Kildare Ave & Archer Ave,0,0,0,0,0
24297,Mulligan Ave & Archer Ave,3,2,0,1,0
24308,Narragansett Ave & North Ave,0,1,0,7,0
24322,Overhill Ave & Belmont Ave,0,1,0,1,0
24323,Kilbourn Ave & Diversey Ave,0,0,0,7,0
24326,Long Ave & Diversey Ave,1,3,0,3,0
24332,Lavergne Ave & Diversey Ave,0,1,0,4,0
24333,Oriole Ave & Irving Park Rd,0,0,0,0,0
24335,Newcastle Ave & Irving Park Rd,1,1,0,1,0
24338,Wallace St & Pershing Rd,0,0,0,1,0
24340,Wabash Ave & 49th St,5,2,0,4,0
24341,Shields Ave & 57th St,0,0,0,2,0
24347,Hamilton Park,0,0,0,0,0
24352,Vincennes Ave & 79th St,0,0,0,3,0
24353,Halsted St & 83rd St,0,0,0,1,0
24356,Halsted St & 93rd St,0,0,0,0,0
24358,Loomis St & 95th St,0,0,0,1,0
24359,Vincennes Ave & 95th St,0,0,0,0,0
24360,Princeton Ave & 95th St,0,1,0,0,0
24362,Wentworth Ave & 92nd St,0,0,0,0,0
24363,Portage Park,0,0,0,2,0
24364,Narragansett Ave & Montrose Ave,0,0,0,3,0
24365,Mason Ave & Montrose Ave,0,0,0,2,0
24366,Linder Ave & Montrose Ave,0,0,0,2,0
24367,Milwaukee Ave & Agatite Ave,0,0,0,5,0
24368,Melvina Ave & Giddings Ave,0,0,0,3,0
24369,Menard Ave & Lawrence Ave,0,0,0,8,0
24370,Milwaukee Ave & Ainslie St,2,0,1,23,0
24371,Lavergne Ave & Lawrence Ave,0,0,0,1,0
24374,State St & 45th St,0,0,0,2,0
24375,Wabash Ave & 59th St,0,0,0,0,0
24376,University Ave & 65th St,0,2,0,0,0
24379,Martin Luther King Dr & 87th St,0,0,0,0,0
24392,Commercial Ave & 90th St,5,0,2,11,0
24393,Burley Ave & 85th St,0,0,0,0,0
24395,Burley Ave & 91st St,4,0,0,5,0
24396,Manistee Ave & 95th St,0,0,0,0,0
24398,Commercial Ave & 97th St,0,0,0,1,0
24400,Ewing Ave & 97th St,0,0,0,0,0
24401,Ewing Ave & 98th St,1,0,0,0,0
24411,Parnell Ave & 127th St,0,0,0,0,0
24412,Stewart Ave & 123rd St,0,1,0,0,0
24415,Michigan Ave & 113th St,0,5,0,1,0
24417,State St & 111th St,0,1,1,1,0
24418,Michigan Ave & 108th St,0,1,0,1,0
24419,Wentworth Ave & 107th St,0,1,0,0,0
24420,Michigan Ave & 105th St,0,0,0,2,0
24423,Throop St & 99th St,0,3,0,0,0
24425,Aberdeen St & 103rd St,0,0,0,0,0
24427,Vincennes Ave & 107th St,0,0,0,0,0
24431,Laflin St & 115th St,0,0,0,5,0
24432,Racine Ave & 115th St,0,0,0,0,0
24433,Eggleston Ave & 115th St,0,0,0,0,0
24440,Halsted St & 123rd St,0,1,0,1,0
24454,Western Ave & 101st St,0,1,0,2,0
24458,Peterson/Ridge Metra,0,0,0,6,0
24467,Cumberland Ave & Catherine Ave,0,0,0,1,0
24476,Farragut Ave & Central Ave,0,0,1,0,0
24477,Lynch Ave & Elston Ave,1,0,0,1,0
24478,Menard Ave & Milwaukee Ave,0,0,1,7,0
301,Monticello Ave & Chicago Ave,0,2,0,1,0
302,Lamon Ave & Chicago Ave,0,0,0,3,0
303,Public Rack - Kildare Ave & Division St,0,1,0,0,0
304,Lavergne Ave & Division St,0,0,0,3,0
305,Menard Ave & Division St,0,2,0,3,0
307,Leamington Ave & Hirsch St,0,0,0,10,0
308,Major Ave & Bloomingdale Ave,0,0,0,4,0
309,Narragansett & McLean,1,0,0,2,0
310,North Ave & New England Ave,0,0,0,14,0
312,Lockwood Ave & Wrightwood Ave,1,3,0,2,0
313,Long Ave & Belden Ave,0,0,0,0,0
314,Narragansett & Wrightwood,0,0,0,21,0
316,Lamon Ave & Belmont Ave,0,1,0,1,0
317,Long Ave & Belmont Ave,0,2,0,1,0
318,Oak Park & Wellington,0,0,0,0,0
319,Roscoe & Harlem,0,1,0,1,0
320,Orange & Addison,0,0,0,1,0
321,Kostner Ave & Wrightwood Ave,0,0,0,7,0
322,Cicero Ave & Grace St,1,0,6,36,0
323,Narragansett & Irving Park,0,1,1,10,0
324,Meade Ave & Addison St,0,3,1,6,0
325,Harlem Ave & Grace St,0,0,0,14,0
326,Harlem & Irving Park,0,0,0,14,0
327,Plainfield & Irving Park,0,0,0,0,0
329,Central Park Ave & Douglas Blvd,1,3,1,0,0
330,Keeler Ave & Roosevelt Rd,0,0,0,1,0
331,Halsted St & Clybourn Ave,0,0,1,36,0
331,Pulaski Rd & 21st St,1,0,6,6,0
332,Harding Ave & 26th St,0,0,0,3,0
333,Kildare & Cermak,0,0,0,1,0
334,Lawndale Ave & 30th St,0,0,0,3,0
335,Komensky Ave & 31st St,1,1,0,2,0
336,La Villita Park (Albany/30th),0,0,1,2,0
337,Hoyne Ave & 34th St,1,1,0,2,0
338,California Ave & 36th St,0,0,0,1,0
339,Sacramento Ave & Pershing Rd,1,0,0,2,0
340,Pulaski & Ann Lurie Pl,0,0,0,5,0
341,Archer Ave & 43rd St,1,0,0,2,0
342,Kedzie Ave & 45th St,0,0,0,5,0
343,Pulaski Rd & 51st St,1,0,0,10,0
344,Springfield Ave & 47th St,0,0,0,1,0
345,Artesian Ave & 55th St,1,1,0,4,0
346,Kedzie Ave & 57th St,0,2,0,6,0
347,Komensky Ave & 55th St,0,0,1,4,0
348,Western Ave & 62nd St,0,0,0,0,0
349,Spaulding Ave & 63rd St,0,1,0,1,0
350,Hamlin Ave & 62nd Pl,1,1,0,1,0
351,Mulligan Ave & Wellington Ave,0,1,0,3,0
352,Sayre & Diversey,0,0,0,0,0
353,Meade Ave & Diversey Ave,0,1,0,3,0
354,Parkside Ave & Armitage Ave,0,0,0,1,0
355,Central Ave & Parker Ave,0,0,0,5,0
356,Lavergne & Fullerton,0,0,1,3,0
357,Lamon Ave & Armitage Ave,0,0,1,3,0
358,Kilpatrick Ave & Parker Ave,0,0,0,7,0
359,Kilbourn & Belden,0,0,0,3,0
360,Kilbourn & Roscoe,0,0,0,0,0
361,Kenosha & Wellington,0,0,0,5,0
362,Lawndale Ave & 16th St,1,3,1,0,0
363,Tripp Ave & 15th St,0,0,0,1,0
364,Homan Ave & Fillmore St,0,1,1,2,0
365,Kildare Ave & 26th St,1,1,0,2,0
366,Spaulding Ave & 16th St,1,1,0,0,0
367,Mayfield & Roosevelt Rd,0,0,0,2,0
368,Tripp Ave & 31st St,1,1,0,2,0
369,Central Park Ave & Ohio St,19,0,0,0,0
370,Central Park & Augusta Blvd,0,2,0,1,0
371,Kildare Ave & Chicago Ave,0,1,0,0,0
372,Hamlin Ave & Grand Ave,0,1,0,3,0
373,Augusta Blvd & Laramie Ave,0,0,0,2,0
374,Kilpatrick Ave & Grand Ave,0,0,1,6,0
375,Long Ave & North Ave,0,2,0,4,0
376,Menard Ave & North Ave,0,0,0,4,0
377,Bloomingdale Ave & Harlem Ave,0,0,1,17,0
378,Nordica & Medill,0,0,0,1,0
379,Rockwell St & Archer Ave,1,0,0,7,0
380,Fairfield Ave & 44th St,2,1,1,2,0
381,Francisco Ave & 47th St,0,0,0,5,0
382,Kedzie Ave & 48th Pl,0,0,0,1,0
383,Campbell Ave & 51st St,0,1,0,10,0
384,Kedzie Ave & 52nd St,0,0,0,1,0
385,St Louis Ave & Norman Bobbins Ave,0,0,0,8,0
386,Rockwell St & 57th St,1,1,0,4,0
387,St Louis Ave & 59th St,0,0,0,8,0
388,Richmond St & 59th St,0,2,0,6,0
389,Maplewood Ave & 59th St,1,1,0,4,0
390,California Ave & Marquette Rd,4,0,0,0,0
391,Rockwell St & 63rd St,0,0,0,0,0
392,Homan Ave & 65th St,0,1,0,1,0
393,Oketo Ave & Addison St,0,1,0,1,0
394,Panama Ave & Grace St,0,0,0,0,0
395,Shabbona Park,0,0,0,1,0
396,Central Ave & Roscoe St,0,2,0,2,0
397,Narragansett Ave & School St,0,1,0,4,0
398,Long & Irving Park,0,1,0,3,0
399,Lavergne Ave & 46th St,0,0,0,0,0
400,Lawler Ave & 50th St,0,1,0,1,0
401,Kildare Ave & 47th St,0,3,0,1,0
402,Kenneth Ave & 50th St,0,0,0,1,0
403,Kildare Ave & 55th St,0,0,0,0,0
404,Pulaski Rd & 60th St,1,1,0,1,0
406,Kostner Ave & 63rd St,0,0,0,1,0
407,Tripp Ave & 65th St,0,0,0,1,0
410,Campbell Ave & Augusta Blvd,3,3,2,32,0
411,Francisco Ave & Chicago Ave,0,0,0,3,0
414,Sacramento Blvd & Fulton Ave,0,0,0,1,0
415,Western Ave & Lake St,0,0,0,8,0
416,Washtenaw Ave & Madison St,0,0,0,8,0
417,Troy St & Jackson Blvd,0,0,0,2,0
418,Mozart St & Jackson Blvd,0,0,0,2,0
419,Sacramento Blvd & Polk St,0,3,2,2,0
420,Washtenaw Ave & Polk St,0,0,0,3,0
421,Albany Ave & Douglas Blvd,1,2,0,0,0
422,Albany Ave & 16th St,1,2,0,0,0
424,Sacramento Ave & 25th St,0,6,0,2,0
425,Rockwell St & Cermak Rd,0,1,0,10,0
426,California & 16th St,1,2,0,0,0
427,Whipple St & Roosevelt Rd,0,3,2,2,0
428,Milwaukee Ave & Fullerton Ave,2,0,0,26,0
429,Francisco Ave & Bloomingdale Ave,3,0,1,3,0
430,Troy St & Grace St,0,0,0,8,0
431,Western Ave & Grace St,2,1,2,8,0
432,Sacramento Blvd & Addison St,0,0,0,12,0
433,Elston Ave & Henderson St,0,1,0,4,0
434,Albany Ave & Belmont Ave,0,0,0,6,0
435,Rockwell St & Fletcher St,2,1,0,9,0
436,Kedzie Ave & George St,3,0,2,50,0
437,Whipple St & Irving Park Rd,0,0,0,12,0
438,Western Ave & Berteau Ave,4,1,0,4,0
439,Campbell Ave & Irving Park Rd,2,1,2,8,0
441,Virginia Ave & Catalpa Ave,0,1,0,0,0
442,Lincoln Ave & Balmoral Ave,0,0,0,7,0
443,California Ave & Winona St,0,0,0,3,0
444,N Shore Channel Trail & Argyle St,0,0,0,3,0
445,Western Ave & Gunnison St,1,0,2,25,0
446,Francisco Ave & Montrose Ave,5,0,0,3,0
452,Richmond St & Lincoln Ave,0,1,0,1,0
458,Washtenaw Ave & Peterson Ave,0,1,0,1,0
460,Francisco Ave & Hollywood Ave,0,1,0,0,0
462,Lincoln Ave & Peterson Ave,0,0,0,3,0
464,Western Ave & Ardmore Ave,6,1,0,2,0
465,Troy Ave & 27th St,0,0,1,2,0
466,California Ave & 29th St,0,0,0,0,0
471,Damen Ave & 33rd St,1,0,1,3,0
472,Elston Ave & George St,0,0,0,11,0
473,Mason Ave & Belmont Ave,0,2,0,2,0
474,Fullerton & Monitor,0,0,0,1,0
475,Whipple/Irving Park,0,0,0,12,0
476,Public Rack - Francisco Ave & Touhy Ave,1,0,0,4,0
477,Public Rack - California Ave & Touhy Ave - midblock,1,0,0,4,0
478,Public Rack - California Ave & Touhy Ave - SW,1,0,0,4,0
479,Public Rack - California Ave & Touhy Ave - NW,1,0,0,4,0
480,Public Rack - Rockwell Ave & Touhy Ave ,1,0,0,4,0
481,Public Rack - Chase Ave & Touhy Ave - NW,2,0,0,1,0
482,Public Rack - Chase Ave & Touhy Ave - NE,2,0,0,1,0
483,Public Rack - Western Ave & Jarvis Ave,0,0,2,10,0
484,Public Rack - Sacramento Ave & Greenleaf Ave,1,0,0,4,0
485,Public Rack - Sacramento Ave & Devon Ave,1,2,0,6,0
486,Public Rack - California Ave & Devon Ave - NW,1,2,0,6,0
487,Public Rack - California Ave & Devon Ave - NE,1,2,0,6,0
488,Public Rack - McCormick Blvd & Devon Ave,0,0,0,3,0
489,Public Rack - Spaulding Ave & Bryn Mawr Ave,0,2,0,3,0
490,Public Rack - Kimball Ave & Carmen Ave,5,2,0,10,0
491,Public Rack - Kedzie Ave & Argyle St,5,2,0,10,0
492,Public Rack - Hamlin Ave & Montrose Ave,1,0,0,10,0
493,Public Rack - St Louis Ave & Berteau Ave,1,0,0,10,0
494,Public Rack - Avers Ave & Irving Park Rd,0,0,0,1,0
495,Public Rack - Keystone Ave & Irving Park Rd,0,0,0,4,0
496,Public Rack - Kedvale Ave & Avondale Ave,0,0,0,4,0
497,Public Rack - Lowell Ave & Elston Ave,0,0,1,3,0
498,Public Rack - Avondale Ave & Addison St,0,0,0,1,0
499,Public Rack - Christiana Ave & Belmont Ave,0,0,0,6,0
500,Public Rack - Monticello Ave & Belmont Ave,0,0,0,8,0
501,Public Rack - Milwaukee Ave & School St,1,1,1,7,0
502,Public Rack - Milwaukee Ave & Addison St,0,0,0,4,0
503,Public Rack - Jonathan Y Scammon Public School,1,1,1,7,0
504,Public Rack - Milwaukee Ave & Diversey Ave,3,0,2,50,0
505,Public Rack - Milwaukee Ave & Haussen Ct,0,0,0,8,0
506,Public Rack - Lawndale Ave & Diversey Ave,0,0,0,9,0
507,Public Rack - Hamlin Ave & Fullerton Ave,0,0,1,7,0
508,Public Rack - Pulaski Rd & Fullerton Ave,0,1,0,5,0
509,Public Rack - Mozart Elementary School,0,0,1,7,0
510,Public Rack - Spaulding Ave & North Ave,1,1,0,12,0
511,Public Rack - Sacramento Blvd & Division St,3,0,1,3,0
512,Public Rack - California Ave & Cortez St,3,0,0,4,0
513,Public Rack - Spaulding Ave & Evergreen Ave,1,1,0,12,0
514,Public Rack - Hamlin Ave & Grand Ave,0,2,0,1,0
515,Paulina St & Howard St,0,0,0,23,0
516,Public Rack - Kenton Ave & Palmer St,0,0,0,3,0
517,Public Rack - Pulaski Rd & Armitage Ave,0,1,0,5,0
518,Conservatory Dr & Lake St,22,0,0,1,0
519,Wolcott Ave & Fargo Ave,0,0,0,22,0
520,Greenview Ave & Jarvis Ave,0,1,0,8,0
521,Public Rack - Al Raby School,2,0,2,2,0
522,Public Rack - Lawndale Ave & Polk St,1,0,1,1,0
523,Eastlake Ter & Howard St,0,1,0,4,0
524,Public Rack - Central Park Ave & Fillmore St,0,0,0,2,0
525,Glenwood Ave & Touhy Ave,0,1,0,3,0
526,Public Rack - Legler Regional Library,0,2,1,6,0
527,Western Ave & Howard St,0,0,2,11,0
528,Pulaski Rd & Lake St,0,1,0,6,0
529,Public Rack - Franklin Park,0,0,0,1,0
530,Laramie Ave & Kinzie St,0,2,0,1,0
531,Public Rack - Penn Elementary School / KIPP Ascend Middle School,1,3,1,0,0
532,Public Rack - Central Park Ave & Ogden Ave,1,0,6,6,0
533,Public Rack - Avers Ave & Ogden Ave,1,0,6,6,0
534,Karlov Ave & Madison St,0,2,1,8,0
535,Pulaski Rd & Congress Pkwy,0,0,0,2,0
536,Kostner Ave & Lake St,0,0,0,0,0
537,Kenton Ave & Madison St,0,0,0,2,0
538,Public Rack - Karlov Ave & 26th St,1,1,0,2,0
539,Public Rack - Eli Whitney Public School,1,1,0,2,0
540,Laramie Ave & Madison St,0,3,0,3,0
541,Public Rack - Laramie Ave & Warwick Ave,0,1,0,3,0
542,Public Rack - Chopin Park,0,2,0,1,0
543,Public Rack - Cicero Ave & Roscoe St,0,1,0,1,0
544,Public Rack - Laramie Ave & Belmont Ave,0,2,0,1,0
545,Kostner Ave & Adams St,0,0,0,1,0
546,Damen Ave & Pershing Rd,0,1,0,0,0
547,Public Rack - Cicero Ave & Wrightwood Ave,0,0,0,4,0
548,Public Rack - Cicero Ave & Altgeld St,0,0,0,4,0
549,Public Rack - Laramie Ave & Fullerton Ave,0,0,0,0,0
550,Public Rack - Laramie Ave & Grand Ave,0,0,0,0,0
551,Public Rack - Cicero Ave & North Ave,0,0,0,10,0
552,Public Rack - Cicero Ave & Cortland St - midblock,0,0,1,3,0
553,Elizabeth St & 47th St,0,0,1,1,0
554,Damen Ave & 51st St,1,0,0,0,0
555,Public Rack - Latrobe Ave & Lake St,0,3,0,0,0
556,Throop St & 52nd St,0,0,0,0,0
557,Seeley Ave & Garfield Blvd,0,2,0,1,0
558,Public Rack - Michele Clark Magnet High School,0,1,0,1,0
559,Racine Ave & Garfield Blvd,1,0,0,0,0
560,Public Rack - Austin Ave & Roscoe St,0,0,0,4,0
561,Damen Ave & 59th St,0,0,0,1,0
562,Racine Ave & 61st St,0,0,0,3,0
563,Public Rack - Central Ave & George St,0,0,0,5,0
564,Racine Ave & 65th St,0,0,0,2,0
565,Public Rack - Austin Ave & Wrightwood Ave,0,1,0,3,0
566,Public Rack - Narragansett Ave & Fullerton Ave,0,0,0,2,0
567,May St & 69th St,0,2,0,0,0
568,Public Rack - Central Ave & North Ave,0,0,0,4,0
569,Public Rack - Menard Ave & Grand Ave,0,0,0,1,0
570,Evans Ave & 75th St,0,2,1,1,0
571,Vernon Ave & 75th St,0,1,0,1,0
572,State St & 76th St,0,0,0,0,0
573,State St & 79th St,1,1,0,4,0
574,Vernon Ave & 79th St,0,4,0,0,0
575,Cottage Grove Ave & 78th St,1,3,0,3,0
576,Greenwood Ave & 79th St,1,1,0,1,0
577,Stony Island Ave & South Chicago Ave,0,0,0,1,0
578,Public Rack - Oleander Ave & Addison St,0,0,0,1,0
579,Phillips Ave & 79th St,0,0,0,2,0
580,Exchange Ave & 79th St,1,0,0,1,0
581,Public Rack - Baltimore Ave & 133rd St,0,0,0,1,0
582,Phillips Ave & 83rd St,0,0,0,0,0
583,Stony Island Ave & 82nd St,0,1,0,1,0
584,Ellis Ave & 83rd St,0,0,0,2,0
585,Cottage Grove Ave & 83rd St,0,0,0,9,0
586,MLK Jr Dr & 83rd St,0,1,0,0,0
587,Wabash Ave & 83rd St,0,1,0,0,0
588,South Chicago Ave & 83rd St,0,0,0,2,0
589,Lafayette Ave & 119th St,0,2,0,0,0
590,Kilbourn Ave & Irving Park Rd,0,0,0,9,0
591,Public Rack - Eggleston Ave & 114th St,0,0,0,0,0
592,Knox Ave & Montrose Ave,0,0,0,3,0
593,Halsted St & 59th St,1,0,0,0,0
594,Western Blvd & 48th Pl,0,1,0,1,0
595,Wabash Ave & 87th St,0,1,0,13,0
596,Benson Ave & Church St,5,3,2,78,0
597,Public Rack - Avenue O & 118th St,0,0,1,6,0
598,Elmwood Ave & Austin St,0,0,0,1,0
599,Valli Produce - Evanston Plaza,0,0,4,11,0
6.21.23 OLD HASTINGS,OH - BONFIRE - TESTING,14,2,2,36,0
600,Dodge Ave & Church St,0,0,0,0,0
601,Morgan St & 103rd St,0,0,0,0,0
602,Public Rack - Percy Julian HS,0,0,0,0,0
603,Harvard Ave & 103rd St,0,0,0,0,0
604,Sheridan Rd & Noyes St (NU),0,0,0,2,0
605,University Library (NU),11,0,1,0,0
606,Public Rack - Perry Ave & 108th Pl,0,1,0,0,0
607,Michigan Ave & 110th St,0,5,0,2,0
608,Public Rack - Lawrence Ave & 103rd St,0,0,0,0,0
609,Calumet Ave & 103rd St,0,1,0,2,0
610,Public Rack - Langley Ave & 105th Pl,1,0,0,0,0
611,Public Rack - Mackinaw Ave & 108th St,0,0,1,3,0
612,Public Rack - Ewing Ave & 106th St NW,0,0,1,3,0
613,Public Rack - Ewing Ave & 105th St,0,0,1,3,0
614,Public Rack - Mackinaw Ave & 106th St,0,0,1,3,0
615,Public Rack - Avenue J & 106th St,0,0,2,14,0
616,Vincennes Ave & 99th St,0,0,0,0,0
617,Morgan St & 95th St,0,0,0,0,0
618,Public Rack - Vincennes Ave & 95th Pl,0,0,0,0,0
619,Public Rack - Vincennes Ave & 95th St,0,0,0,0,0
620,Orleans St & Chestnut St (NEXT Apts),2,0,1,8,0
621,Public Rack - Lafayette Ave & 95th St,0,0,0,0,0
622,Public Rack - Princeton Ave & 99th Pl,0,0,0,0,0
623,Michigan Ave & 8th St,39,2,2,28,0
624,Dearborn St & Van Buren St,84,2,4,51,0
625,Lowe Ave & 98th St,0,0,0,0,0
626,Public Rack - Halsted St & 95th St - SW,0,0,0,0,0
627,Public Rack - Halsted St & 95th St - SE,0,0,0,0,0
628,Public Rack - Abbott Park,0,0,0,0,0
629,Public Rack - Michigan Ave & 96th St,0,0,0,0,0
630,Michigan Ave & 102nd St,0,1,0,2,0
631,Malcolm X College,6,0,5,1,0
632,Clark St & Newport St,11,0,2,26,0
633,Public Rack - Bradley Park,0,1,0,0,0
634,Oglesby Ave & 95th St,0,0,0,2,0
635,Public Rack - Avenue J & 102nd St,0,0,0,6,0
636,Orleans St & Hubbard St,12,2,2,35,0
637,Wood St & Chicago Ave,5,1,0,17,0
638,Clinton St & Jackson Blvd,11,2,2,24,0
639,Lakefront Trail & Wilson Ave,3,0,1,0,0
640,Public Rack - Morgan St & 87th St,0,1,0,1,0
641,Public Rack - Loomis St & 87th St,0,1,0,0,0
642,Latrobe Ave & Chicago Ave,0,2,0,3,0
643,Smith Park,1,1,0,14,0
644,Public Rack - Wabash Ave & 87th St,0,2,0,0,0
645,Public Rack - Tuley (Murray) Park,0,1,0,0,0
646,State St & 54th St,1,0,1,8,0
647,Elizabeth St & 59th St,1,0,0,0,0
648,Cottage Grove Ave & 91st St,0,1,0,0,0
649,Stewart Ave & 63rd St,4,0,0,1,0
650,Eggleston Ave & 69th St,0,0,0,0,0
651,Michigan Ave & 71st St,3,3,0,5,0
652,Rhodes Ave & 71st St,1,0,0,1,0
653,Public Rack - Loomis Blvd & 83rd St,0,1,0,0,0
653B,Stony Island Ave & 63rd St,2,0,0,1,0
654,Racine Ave & Washington Blvd,3,1,0,34,0
655,Hoyne Ave & Balmoral Ave,1,0,0,1,0
656,Public Rack - West Chatham Park,0,0,0,2,0
657,Wood St & Augusta Blvd,6,0,0,22,0
658,Leavitt St & Division St,1,0,2,22,0
659,Rhodes Ave & 79th St,0,3,0,0,0
660,Sheridan Rd & Columbia Ave,0,0,1,0,0
661,Public Rack - Langley Ave & 79th St,0,3,0,0,0
662,Dodge Ave & Mulford St,2,0,0,0,0
663,Public Rack - Cottage Grove & 85th St,0,0,1,8,0
664,Public Rack - Cottage Grove & 84th St,0,0,0,9,0
665,South Chicago Ave & Elliot Ave,0,0,0,1,0
666,Stony Island Ave & 86th St,0,0,0,6,0
667,Public Rack - Jeffery Blvd & 83rd St,0,0,0,2,0
668,Public Rack - Marquette Ave & 79th St,0,0,0,3,0
669,Public Rack - Calumet Ave & 133rd St,0,0,0,0,0
670,Public Rack - Champlain Ave & 134th St,0,0,0,0,0
671,Public Rack - Eberhart Ave & 131st St,0,0,0,1,0
672,Public Rack - Buffalo Ave & 133rd St,0,0,0,1,0
673,Public Rack - Avenue M & 132nd St,0,0,0,0,0
674,Public Rack - Homan Ave & 111th St,0,0,0,0,0
675,Sawyer Ave & 111th St,0,0,0,3,0
676,Trumbull Ave & 111th St,0,0,0,0,0
677,Public Rack - Rockwell & 111th St,0,0,0,0,0
678,Public Rack - Albany Ave & 111th St - NW,0,0,0,3,0
679,Public Rack - Western Ave & 111th St - SW,0,0,0,2,0
681,Public Rack - Western Ave & 111th St - NW,0,0,0,2,0
682,Public Rack - 111th St - Morgan Park Metra,0,0,0,2,0
683,Public Rack - Western Ave & 116th St,0,0,1,0,0
684,Public Rack - Mt Greenwood Library N,0,0,0,3,0
685,Public Rack - Kedzie & 103rd St - East,0,0,0,1,0
686,Public Rack - Kedzie & 103rd St - W,0,0,0,1,0
687,Mt Greenwood Library - South,0,0,0,3,0
688,Public Rack - Western Ave & 104th St - West,1,0,0,0,0
689,City Rack - Albany Ave & 103rd St,0,0,0,1,0
690,Public Rack - Western Ave & 106th St - East,1,0,0,0,0
691,Public Rack - Western Ave & 105th St,1,0,0,0,0
692,Public Rack - Western Ave & 104th St - East,1,0,0,0,0
693,Public Rack - Walden Pkwy & 103rd St,1,0,0,0,0
694,Public Rack - Wood St & 103rd St,1,0,0,0,0
695,Public Rack - Western Ave & 100th St,0,1,0,2,0
696,Public Rack - Hamilton Ave & 95th St,0,0,1,14,0
697,Public Rack - Longwood Dr & 95th St,1,0,0,2,0
698,Public Rack - Bell Ave & 95th St,0,0,1,14,0
699,Public Rack - Cottage Grove Ave & 98th St,0,0,0,0,0
700,Bennett Ave & 96th St,0,1,0,7,0
701,Public Rack - Stony Island & 95th St,0,1,0,7,0
702,Public Rack - Western Ave & 92nd Pl,1,0,0,1,0
703,Public Rack - Marshfield Ave & 87th St,0,1,0,0,0
704,Honore St & 87th St - SE,0,3,0,0,0
705,Public Rack - Honore St & 87th St,0,2,0,0,0
706,Winchester Ave & 87th St,0,3,0,0,0
707,Public Rack - Eggleston Ave & 92nd St,0,0,0,0,0
708,Public Rack - Lowe Ave & 94th St,0,0,0,0,0
709,Public Rack - Halsted St & 94th St,0,0,0,0,0
710,Lafayette Ave & 87th St - NW,0,1,0,9,0
711,Public Rack - Lafayette Ave & 87th St SW,0,1,0,9,0
712,Public Rack - Hermitage & 83rd St,0,1,0,0,0
713,Damen Ave & 84th St,0,3,0,0,0
714,Public Rack - Western Ave & 79th St,0,0,0,0,0
715,Public Rack - Damen Ave & 80th St,0,2,0,0,0
716,Public Rack - Oakley & 79th Pl,0,0,0,0,0
717,Mackinaw Ave & 85th St,0,0,0,0,0
718,Claremont Ave & 71st St,0,0,0,0,0
719,Public Rack - Ashland Ave & 76th St,0,0,0,2,0
720,Public Rack - Racine Ave & 76th,1,1,0,2,0
721,Ashland Ave & 73rd St,0,0,0,2,0
722,Public Rack - Racine Ave & 74th St,1,1,0,2,0
723,Public Rack - May St & 78th St,0,1,1,1,0
724,Public Rack - Halsted St & 76th St,0,2,0,1,0
725,Public Rack - Hamilton Park,0,0,0,0,0
726,Public Rack - Halsted St & 77th St,0,2,0,1,0
727,Public Rack - Normal Ave & 72nd St,0,0,0,2,0
728,Public Rack - Calumet Ave & 71st St,1,3,0,4,0
730,Cottage Grove Ave & 75th St,0,2,1,1,0
731,Public Rack - Paul Revere Elementary School,0,1,1,0,0
732,Public Rack - James Madison School,0,1,0,11,0
733,Public Rack - East End Ave & 75th St,1,0,0,2,0
734,Public Rack - South Shore High School,1,0,0,1,0
735,Stony Is Ave & 73rd St,0,1,0,11,0
736,Public Rack - Jeffrey Blvd & 71st St,0,0,0,4,0
737,Public Rack - Chappel Ave & 71st St,0,0,0,4,0
738,Public Rack - 63rd & Western Ave S,0,0,0,1,0
739,Public Rack - 63rd & Western Ave N,0,0,0,1,0
740,William Rainey Harper High School,0,2,0,2,0
741,Public Rack - The Montessori School of Englewood,0,1,0,3,0
742,Public Rack - Ashland Ave & 71st St,0,0,0,3,0
743,Public Rack - May St & 63rd St,0,0,0,4,0
744,Public Rack - Halsted St & 64th St,3,0,2,1,0
745,Public Rack - Halsted St & 63rd St,3,0,2,1,0
746,Public Rack - Martin Luther King Dr & 69th St,0,3,0,1,0
747,Public Rack - Keef Ave & South Chicago Ave,0,0,0,0,0
748,Park Manor Elementary School,0,0,0,0,0
749,Public Rack - Evans Ave & 63rd St,4,0,0,7,0
750,Public Rack - Harper Ave & 63rd St,2,0,0,1,0
751,Public Rack - Kimbark Ave & 67th St,0,0,0,4,0
752,Public Rack - Kimbark Ave & 63rd St,0,0,0,1,0
753,Public Rack - Jeffery Blvd & 67th St,0,0,0,1,0
755,Public Rack - Kedzie Ave & 64th St - SE,0,2,1,4,0
756,Public  Rack - Albany Ave & 63rd St,0,2,1,4,0
757,Public Rack - Kedzie Ave & 63rd St,0,2,1,4,0
758,Public Rack - Washtenaw Ave & 63rd St,0,1,0,0,0
759,Public Rack - Springfield Ave & 63rd St,1,1,0,1,0
760,Public Rack - Kedzie Ave & 64th St - SW,0,2,1,4,0
762,Public Rack - Kenneth Ave & 63rd St W,1,0,0,2,0
763,Public Rack - Kildare Ave & 63rd St,0,0,0,1,0
764,Public Rack - Kedvale Ave & 63rd St E,1,1,0,3,0
765,West Lawn Park,0,0,0,1,0
766,Public Rack - Harold Washington Park,1,0,0,1,0
767,Public Rack - Hyde Park Blvd & 53rd St,1,0,0,1,0
768,Public Rack - Hyde Park Blvd & 55th St,1,0,0,1,0
769,Public Rack - Peoria St & 60th St,1,0,0,0,0
770,Public Rack - Throop St & 58th St,0,0,0,0,0
772,Public Rack - Kedzie Ave & 61st Pl E,0,2,1,4,0
773,"Public Rack - Senka ""Edward Duke"" Park",0,0,0,8,0
774,Christiana Ave & 55th St,0,0,0,8,0
775,Public Rack - Kedzie Ave & 58th St,0,2,0,6,0
776,Public Rack - Komensky Ave & 59th St,0,0,1,4,0
777,Public Rack - Midway Orange Line,5,0,0,11,0
779,Public Rack - Keeler Ave & 55th St,0,0,0,0,0
780,Public Rack - Lamon Ave & Archer Ave,0,1,1,3,0
781,Public Rack - Linder Ave & 51st St,0,1,0,8,0
782,Public Rack - Linder Ave & Archer Ave,0,1,0,9,0
783,Public Rack - California Ave & Pershing Rd,1,0,0,2,0
784,Public Rack - Brighton Park Branch Chicago Library,0,2,0,3,0
785,Public Rack - Princeton Ave & 43rd St,1,0,0,1,0
786,Public Rack - Emerald Ave & 45th St,0,0,0,1,0
787,Public Rack - Lake Park Ave & 44th St,2,0,0,0,0
788,Public Rack - Greenwood Ave & Lake Park Ave,5,0,0,0,0
789,Central Ave & Congress Pkwy,0,2,0,0,0
790,Public Rack - Central Ave & Adams St,0,0,0,3,0
791,Public Rack - Mason Ave & Roosevelt Rd,0,2,0,4,0
792,Public Rack - Menard Ave & Adams Blvd,0,3,0,2,0
793,Public Rack - Central Ave & Corcoran Pl,0,0,0,0,0
794,Public Rack - Austin Branch Chicago Public Library,0,0,0,0,0
795,Public Rack - Menard Ave & Madison St,0,3,0,2,0
796,Public Rack - Waller Ave & Chicago Ave,0,0,0,0,0
798,Public Rack - Menard Ave & Agusta Blvd,0,2,0,3,0
799,Public Rack - Newcastle Ave & Belden Ave,0,0,0,0,0
800,Public Rack - Harriet E Sayre Public School,0,0,0,14,0
801,Public Rack - N Narragansett Ave & Grand Ave,0,0,0,2,0
802,Public Rack - N Sayre Ave & W Belden Ave,0,0,0,1,0
803,Newland Ave & Diversey Ave,0,0,0,0,0
804,Public Rack - Newcastle Ave & Wellington Ave,0,0,0,3,0
805,Public Rack - Neva Ave & Grand Ave,0,0,0,1,0
807,New England Ave & Grace St,0,0,0,0,0
808,Public Rack - Rutherford Ave & Belmont Ave,0,1,0,4,0
809,Public Rack - Newcastle Ave & Belmont Ave,0,0,0,1,0
810,Public Rack - Nagle Ave & Belmont Ave,0,1,0,4,0
811,Public Rack - Nordica Ave & Addison St,0,0,0,0,0
812,Public Rack - Lake Park Ave & 47th St,0,0,1,10,0
813,Public Rack - Calumet Ave & 51st St,2,0,1,3,0
814,Public Rack - Prairie Ave & 47th St ,9,1,0,8,0
815,Public Rack - Forrestville Ave & 47th St,4,0,0,5,0
816,Public Rack - State St & 47th st,4,1,0,4,0
817,Public Rack - Lowe Park,0,0,0,2,0
818,Back of the Yards Park,0,0,1,7,0
819,Public Rack - Robert Fulton Elementary School,0,2,1,0,0
820,Western Blvd & 53rd St,0,0,0,2,0
821,Public Rack - Western Blvd & 49th St,0,0,0,2,0
822,Public Rack - Talman Ave & 51st St,0,1,0,10,0
823,Public Rack - Kedzie Ave & 54th St - SE,0,2,0,6,0
824,Public Rack - Avers Ave & Archer Ave,1,0,0,10,0
825,Public Rack - Kedzie Ave & 54th St - SW,0,0,0,1,0
826,Harding Ave & 47th St,0,0,0,1,0
827,Strohacker Park,0,0,0,0,0
828,Archer Park,0,0,1,3,0
829,Public Rack - Pulaski Rd & 51st Rd,1,0,0,10,0
830,Public Rack - Pulaski & 52nd,1,0,0,10,0
831,Public Rack - Kolin Ave & Archer Ave,0,0,0,1,0
832,Public Rack - Christiana Ave & Archer Ave,0,0,0,3,0
833,Public Rack - Pulaski Rd & 44th St,0,0,0,1,0
834,Public Rack - Pulaski Rd & 40th St,0,0,0,5,0
835,Pubic Rack - Pulaski Rd & 41st,0,0,0,5,0
836,Public Rack - Kedzie Ave & Archer Ave,0,0,0,5,0
838,Public Rack - Piotrowski Park,1,1,0,2,0
839,Kedzie Ave & Pershing Rd,1,0,0,2,0
840,Public Rack - Marshfield Ave & 45th St,0,0,0,9,0
841,Public Rack - Damen Ave & 47th St,0,0,0,9,0
842,Public Rack - Ashland Ave & 46th St,0,0,2,8,0
843,Public Rack - Ashland Ave & 45th St,0,0,1,7,0
844,Bishop St & 46th St,0,0,1,7,0
845,Public Rack - Ashland Ave & 45th St  S,0,0,1,7,0
846,Public Rack - Buffalo Ave & 89th St,1,0,0,0,0
847,Public Rack - Brandon Ave & 91st St,5,0,2,11,0
848,Corliss Ave & 103rd St,0,0,0,0,0
849,Oglesby Ave & 105th St,0,0,0,1,0
850,Orville T Bright School,0,0,0,1,0
851,Public Rack - Kostner Ave & Lake St,0,0,0,0,0
852,Public Rack - Kildare Ave & Washignton Blvd,0,2,1,6,0
853,Public Rack - Keeler Ave & Madison St S,0,2,1,4,0
854,Public Rack - Sacramento Blvd & Washington Blvd,1,1,0,1,0
855,Public Rack - Washtenaw Ave & Superior St,0,1,0,3,0
856,Public Rack - Sawyer Ave & Bryn Mawr Ave - SW,0,2,0,3,0
857,Public Rack - Sawyer Ave & Bryn Mawr Ave - SE,0,2,0,3,0
858,Public Rack - Christiana Ave & Bryn Mawr Ave,0,2,0,3,0
859,Public Rack - Spaulding Ave & Foster Ave,0,2,0,3,0
860,Public Rack - Christiana Ave & Lawrence Ave,5,2,0,10,0
861,Public Rack - Sawyer Ave & Lawrence Ave,5,2,0,10,0
862,Public Rack - Milwaukee Ave & Waveland Ave,0,0,0,2,0
863,Public Rack - Karlov Ave & Milwaukee Ave,1,1,1,7,0
864,Public Rack - Kedvale Ave & Addison St,0,0,0,4,0
865,Public Rack - Kilbourn Ave & Fullerton Ave,0,0,0,3,0
866,Public Rack - Kostner Ave & Armitage Ave,0,0,0,3,0
867,Public Rack - Grand Ave & North Ave,0,1,0,2,0
868,Public Rack - Kildare Ave & Division Ave,0,1,0,0,0
869,Public Rack - Homan Ave & 26th St,0,0,1,1,0
870,Corliss Ave & 133rd St,0,1,0,0,0
871,Ellis Ave & 132nd Pl,0,0,0,0,0
872,Public Rack - Lowe Ave & 119th St,0,3,0,2,0
873,Harvard Ave & 119th St,0,0,0,0,0
874,Public Rack - Elizabeth St & 115th St,0,0,0,0,0
875,Public Rack - Halsted St & 111th St,2,0,0,0,0
876,Public Rack - Throop St & 109th Pl,2,0,0,0,0
877,Public Rack - Racine Ave & 109th Pl,2,0,0,0,0
878,Public Rack - Green St & 103rd St,0,1,0,1,0
879,Public Rack - Cottage Grove Ave & 89th Pl,0,1,0,0,0
880,Maryland Ave & 87th ST,0,0,1,8,0
881,Greenwood Ave & 87th St,0,0,1,8,0
882,Drexel Ave & 87th St,0,0,1,8,0
883,Public Rack - East End Ave & 87th St,0,1,0,1,0
884,Public Rack - Bishop St & 81st St,1,4,1,2,0
885,Public Rack - Ada St & 79th St,1,2,1,2,0
886,Public Rack - Laflin St & 79th St,1,3,0,2,0
887,Public Rack - Halsted St & 80th St,0,1,0,2,0
888,Public Rack - Aida Food Market,0,2,0,2,0
889,Public Rack - Ingleside Ave & 79th St,1,2,0,3,0
890,Public Rack - Colfax Ave & 83rd St,0,2,0,0,0
891,Public Rack - Marquette Ave & 83rd St,0,0,0,0,0
892,Public Rack - Baker Ave & 863rd Pl,0,1,0,1,0
895,Public Rack - Christiana Ave & 111th St,0,0,0,3,0
896,Public Rack - Troy & 111th St,0,0,0,3,0
897,Homewood Ave & Monterey Ave,0,0,0,2,0
898,Public Rack - Western Ave & 111th St - SE,0,0,0,2,0
899,Public Rack - Longwood Dr & 111th St,0,0,0,1,0
900,Public Rack - Western Ave & 118th St,0,0,1,0,0
901,Public Rack - Hale Ave & 111th St,0,0,0,1,0
902,Public Rack - Hoyne Ave & 110th Pl,0,0,0,2,0
903,Western Ave & 106th St - West,1,0,0,0,0
904,Public Rack - Walden Pkwy & 99th St,1,0,0,0,0
905,Public Rack - Yates Blvd & Exchange Ave,2,0,0,15,0
906,Public Rack - Prairie Ave & Garfield Blvd S,5,0,1,1,0
907,Public Rack - Calumet Ave & Garfield Blvd,4,0,0,1,0
908,Public Rack - Normal Blvd & 61st Pl,4,0,2,0,0
909,Public Rack - Wolcott Ave & 61st St,1,0,0,1,0
910,Public Rack - Wolcott Ave & 56th St,0,2,0,1,0
911,Public Rack - Emerald Ave & 43rd St,0,0,0,3,0
912,Public Rack - Halsted St & 41st St,0,0,0,2,0
913,Public Rack - 532 E 43rd St,1,0,1,1,0
914,Public Rack - Martin Luther King Dr & 44th St,9,1,0,8,0
915,Public Rack - Laflin St & 51st St,0,0,1,0,0
916,Public Rack - Wood St & 47th St,0,0,0,9,0
917,Ada St & 119th St,0,0,0,15,0
918,Public Rack - Pullman Community Center,0,0,0,0,0
919,Public Rack - Pullman - Walmart,0,0,1,4,0
920,Pullman - Ross Dress for Less,0,0,1,4,0
921,Public Rack - Pullman - Planet Fitness,0,0,1,4,0
922,Public Rack - 10101 S Stony Island Ave,0,0,0,0,0
923,Torrence Ave  & 106th St,0,0,0,1,0
924,Torrence Ave & 103rd St,0,0,0,1,0
925,Public Rack - Bensley Ave & 103rd St,0,0,0,1,0
926,Public Rack - Michigan Ave & 125th Pl,0,0,0,1,0
927,Public Rack - Michigan Ave & 119th St,0,2,0,0,0
928,Public Rack - Michigan Ave & 121st St,0,0,0,2,0
929,Public Rack - Campbell Ave & Pratt Blvd,2,0,0,1,0
930,Public Rack - Washtenaw Ave & Devon Ave,1,2,0,6,0
931,Public Rack - Western Ave & Devon Ave,0,0,0,15,0
932,Public Rack - Jensen Park,1,0,0,10,0
933,Public Rack - Drake Ave & Leland Ave,0,1,1,9,0
934,Public Rack - Kostner Ave & 16th St,0,0,0,1,0
935,Public Rack - Lorel Ave & Grand Ave,0,0,0,0,0
936,Public Rack - Houston Ave & 130th St,0,0,0,0,0
937,Public Rack - King Dr & 115th St,2,1,0,1,0
938,Public Rack - Michigan Ave & 107th St,0,1,0,0,0
939,Public Rack - Vincennes Ave & 91st St,0,1,0,0,0
940,Public Rack - Stony Island & 87th St,0,1,0,6,0
941,Public Rack - Cornell Ave & 87th Pl,0,1,0,1,0
942,Public Rack - Saginaw Ave & 93rd St,0,0,0,0,0
943,Public Rack - Paxton Ave & 79th St,0,0,0,1,0
944,Public Rack - Jeffery Blvd & 81st St,0,0,0,1,0
945,Public Rack - Crandon Ave & 80th St,0,0,0,1,0
946,Public Rack - Vincennes Ave & 77th St,0,1,0,2,0
947,Public Rack - Exchange Ave & 73rd Pl,0,0,0,5,0
948,Public Rack - South Shore Dr & 71st St,2,0,0,1,0
949,Public Rack - Kingston Ave & 75th St,0,0,0,4,0
950,Public Rack - Woodlawn Ave & 63rd St S,0,3,0,5,0
951,Public Rack - Woodlawn Ave & 63rd St N,0,3,0,5,0
952,Public Rack - Lake Shore Dr & Hayes Dr,1,0,0,0,0
953,Public Rack - Lawndale Ave & 63rd St,0,1,0,1,0
954,Public Rack - Prairie Ave & Garfield Blvd N,4,0,0,1,0
955,Public Rack - Eberhart Ave & 61st St,4,0,0,7,0
956,Public Rack - King Dr & Oakwood Blvd,0,3,0,2,0
957,Public Rack - Langley Ave & Oakwood Blvd,1,0,1,1,0
958,Public Rack - State ST & 42nd St,0,2,0,1,0
959,Public Rack - 53rd St & Indiana Ave,4,0,1,4,0
960,Public Rack - Pulaski Rd & 5th Ave,0,0,0,1,0
961,Public Rack - Pulaski Rd & Lexington St,0,0,0,2,0
962,Public Rack - Pulaski Rd & Polk St,0,0,0,1,0
963,Public Rack - Central Park Ave & 16th St,1,3,1,0,0
964,Public Rack - Lockwood Ave & Diversey Ave,1,3,0,2,0
965,Public Rack - Fullerton Ave & Lavergne Ave,0,0,1,3,0
966,Public Rack - Laporte Ave & Armitage Ave,0,0,1,3,0
967,Public Rack - La Moyne Ave and Leamington Ave,0,2,0,3,0
968,Public Rack - Leclaire Ave & Division St,0,0,0,3,0
969,Public Rack - Lamon Ave & Erie St,2,0,0,1,0
970,Public Rack - Roscoe St & Osceola Ave,0,1,0,1,0
971,Public Rack - Wallace St & 119th St,0,3,0,4,0
972,Public Rack - Normal Ave & 111th St,1,0,0,0,0
973,Public Rack - Halsted St & 113th St,2,0,0,1,0
974,Public Rack - Union Ave & 111th St,0,0,0,0,0
975,Public Rack - Perry Ave & 111th St,0,1,1,0,0
976,Public Rack - Princeton Ave & 103rd Pl,0,0,0,0,0
977,Public Rack - Halsted St & 109th St,0,0,1,0,0
978,Public Rack - Ave N & 106th St,0,0,2,13,0
979,Public Rack - Ewing Ave & 107th St,0,0,1,3,0
980,Public Rack - Ewing Ave & 106th St,0,0,1,3,0
981,Public Rack - Ave L & 105th St,0,0,1,3,0
982,Public Rack - Ewing Ave & 95th St,0,0,0,0,0
983,Public Rack - Ewing Ave & 102nd St,0,0,0,4,0
984,Public Rack - Ashland Ave & 91st St,0,0,0,0,0
985,Public Rack - Langley Ave & 87th St,0,0,0,7,0
986,Public Rack - Clyde Ave & 87th St,0,2,0,1,0
987,Public Rack - Western Ave & 107th St,1,0,0,0,0
988,Public Rack - Western Ave & 110th St,0,0,0,2,0
989,Public Rack - 10557 S Western Ave,1,0,0,0,0
990,Public Rack - Western Ave & 107th Pl,1,0,0,0,0
991,Public Rack - Western Ave & 96th St,0,0,1,12,0
992,Public Rack - Western Ave & 98th St,0,0,0,7,0
993,Public Rack - Ashland Ave & 83rd St,0,1,0,0,0
994,Public Rack - Prairie Ave & 78th St,0,4,0,1,0
995,Public Rack - King Dr & 71st St,0,0,0,3,0
996,Public Rack - Ashland Ave & 63rd St,0,0,0,5,0
997,Public Rack - Michigan Ave & 67th St,0,0,0,0,0
998,Public Rack - Marquette Rd & 67th St,0,0,0,0,0
999,Public Rack - Champlain Ave & 65th St,4,0,0,7,0
BIKE FLEET ,NEW HASTINGS ,0,0,0,0,0
Bissell St & Armitage Ave - Charging,Bissell St & Armitage Ave - Charging,1,2,4,25,0
CHI00254,Damen Ave & Wicker Park Ave,8,0,2,90,0
CHI00453,Franklin St & Adams St ,33,0,4,40,0
CHI00622,Wabansia & Milwaukee,7,1,0,49,0
CHI00709,Public Rack - Harvey Ave & North Ave,0,1,0,5,0
CHI00719,Public Rack - Plainfield Ave & Irving Park Rd,0,0,0,0,0
CHI00744,Public Rack - Wentworth Ave & 103rd St,0,0,0,0,0
CHI00775,Public Rack - 83rd St (Avalon Park) Metra,0,0,0,1,0
CHI00869,Steelworkers Park (Updated),1,0,0,0,0
CHI00960,Addison Red Line,11,1,2,31,0
CHI00961,LaSalle St & Jackson Blvd Corral,70,1,5,62,0
CHI00963,LaSalle St & Adams St Corral,52,0,7,73,0
CHI00964,Dearborn St & Adams St Corral,70,3,10,96,0
CHI00965,Daley Center Plaza Corral,14,1,11,102,0
CHI00976,Public Rack - Ewing Ave & Indianapolis Ave,1,0,0,6,0
CHI00978,Public Rack - Yates Ave & 100th St,0,1,0,0,0
CHI00995,Public Rack - Vincennes Ave & 87th St,0,0,0,1,0
CHI01026,Public Rack - Baltimore Ave & 134th St,0,0,0,1,0
CHI01059,Public Rack - Wentworth Ave & 79th St,1,0,0,5,0
CHI01062,Public Rack - Emil G Hirch Metropolitan High School,1,3,0,3,0
CHI01066,Public Rack - Avenue J & 112th St,0,0,0,1,0
CHI01067,Public Rack - Ewing Ave & 112th St,0,0,0,1,0
CHI01155,Public Rack - Pulaski Rd & 15th St,0,5,1,1,0
CHI01242,Public Rack - Exchange Ave & 131st St,0,0,0,0,0
CHI01534,Public Rack - 63rd St and Natoma Ave,0,0,0,1,0
CHI01540,Wells St & Randolph St Corral,15,0,2,49,0
CHI01541,Franklin St & Monroe St Corral,20,0,4,47,0
CHI01543,Franklin St & Adams St Corral,32,0,4,41,0
CHI01665,Hastings LWS,0,0,0,0,0
CHI01726,Public Rack - California & 71st,1,1,0,0,0
CHI01747,Navy Pier,18,0,1,10,0
CHI01756,LaSalle St & Washington St Corral N,10,1,9,77,0
CHI01769,Waveland/Racine,10,1,1,19,0
CHI01810,Avers Ave & Foster Ave,1,0,1,1,0
CHI01814,Clark/Newport,11,0,2,26,0
CHI01815,Wacker Dr & Washington St Corral,11,0,3,45,0
CHI01833,Addison/Racine,11,1,1,26,0
CHI01839,Kedzie Ave & 38th Pl,0,0,0,0,0
CHI01878,Clark/Eddy,11,0,1,21,0
CHI01946,State St & 127th St,0,0,0,1,0
CHI01957,Eggleston Ave & 111th St,0,0,0,0,0
CHI01984,Higgins Ave & Austin Ave,0,0,0,2,0
CHI01986,Elston Ave & Carmen Ave,0,0,0,7,0
CHI01990,Ave L & 114th,0,0,0,1,0
CHI01995,Austin Ave & Milwaukee Ave,0,0,0,4,0
CHI01997,Karlov Ave & Fillmore St,0,1,0,1,0
CHI01998,Pulaski Rd & 75th St,0,0,0,0,0
CHI02005,Halsted St & 119th St,0,3,0,2,0
CHI02006,Archer & Wentworth,17,1,1,27,0
CHI02008,Le Mai Ave & Devon Ave,0,0,0,4,0
CHI02010,Major Taylor Trail & 111th St,2,0,0,0,0
CHI02014,Hyacinth Ave & Milwaukee Ave,0,0,0,2,0
CHI02015,Milwaukee Ave & Highland Ave,3,0,0,3,0
CHI02016,Central & Elston,0,0,0,0,0
CHI02027,Edgebrook Metra,1,0,0,20,0
CHI02035,Grace/Sheffield,11,3,3,47,0
CHI02036,Clark/Racine,8,2,1,17,0
CHI02054,Sheffield Ave & Addison St ,11,1,2,25,0
CHI02055,Wilton Ave & Addison St,12,1,2,44,0
CHI02056,Aberdeen St & Carroll Ave,3,0,3,28,0
CHI02058,Addison/Sheffield SE Corral,11,1,2,25,0
CHI02059,Clark/Racine Corral,8,2,1,17,0
CHI02060,Addison/Racine Corral,11,1,1,27,0
CHI02061,Clark/Newport Corral,11,0,2,26,0
CHI02062,Grace/Sheffield Corral,11,3,3,47,0
CHI02063,Addison/Wilton Corral,12,1,2,44,0
CHI02064,Waveland/Wilton Corral,12,2,2,44,0
CHI02065,Eddy/Seminary Corral,11,0,1,21,0
CHI02066,Sheffield/Newport Corral,11,0,2,25,0
CHI02067,Sheffield/Cornelia Corral,11,0,2,27,0
CHI02068,Racine/Eddy Corral,13,0,1,30,0
CHI02069,Addison/Sheffield SW Corral,11,1,2,25,0
CHI02070,Addison Red Line Corral,11,1,2,34,0
CHI02071,Waveland/Racine Corral,10,2,1,20,0
CHI02072,Wells St & Washington St,11,0,5,56,0
CHI02073,Broadway & Oakdale Ave,4,3,4,53,0
CHI02074,Franklin St & Washington St,11,0,4,48,0
CHI02076,Mango Ave & Grand Ave,0,0,0,0,0
CHI02081,Green St & Lake St ,5,0,6,48,0
Corral 1,Wrigley Events Parking Area,11,1,2,31,0
Corral 16,LaSalle St & Washington St Corral S,12,1,9,77,0
Corral 2,Weekend Night Parking Area A,11,0,1,21,0
Corral 3,Weekend Night Parking Area B,11,0,2,25,0
Corral 4,Weekend Night Parking Area C,1,0,4,34,0
Corral 5,Weekend Night Parking Area D,2,0,3,50,0
Corral 6,Market Days Scooter Corral,6,0,4,45,0
DIVVY 001 - Warehouse test station,WEST CHI-WATSON,0,0,0,2,0
DIVVY CASSETTE REPAIR MOBILE STATION,DIVVY CASSETTE REPAIR MOBILE STATION,1,0,1,39,0
Divvy Valet - Oakwood Beach,Divvy Valet - Oakwood Beach,0,0,0,0,0
E002,Chicago Ave & Washington St,2,0,1,30,0
E006,Central St Metra,0,3,0,24,0
E007,Central St & Girard Ave,0,0,0,0,0
E008,Chicago Ave & Sheridan Rd,9,1,3,45,0
E011,Dodge Ave & Main St,0,0,0,10,0
E014,Lincolnwood Dr & Central St,0,0,1,4,0
Hastings WH 2,Hastings WH 2,0,0,0,0,0
Hubbard Bike-checking (LBS-WH-TEST),Base - 2132 W Hubbard,1,0,0,4,0
KA1503000001,Shields Ave & 43rd St,1,0,0,1,0
KA1503000002,South Shore Dr & 71st St,2,0,0,17,0
KA1503000003,Cottage Grove Ave & 71st St,1,1,1,0,0
KA1503000004,Lake Park Ave & 35th St,0,1,0,0,0
KA1503000005,Wentworth Ave & 35th St,2,0,0,7,0
KA1503000007,Cornell Ave & Hyde Park Blvd,1,0,1,29,0
KA1503000009,Princeton Ave & 47th St,1,0,0,1,0
KA1503000010,Halsted St & 51st St,0,0,0,2,0
KA1503000011,Halsted St & 56th St,0,1,1,0,0
KA1503000012,Clark St & Lake St,18,1,5,59,0
KA1503000013,Princeton Ave & Garfield Blvd,0,0,1,9,0
KA1503000014,Ellis Ave & 60th St,4,2,0,2,0
KA1503000015,Wabash Ave & Adams St,54,3,8,80,0
KA1503000018,Jeffery Blvd & 71st St,0,0,1,16,0
KA1503000019,Stony Island Ave & 75th St,0,0,0,11,0
KA1503000020,South Shore Dr & 74th St,0,0,0,4,0
KA1503000021,Stony Island Ave & 64th St,2,0,0,1,0
KA1503000022,Clark St & Montrose Ave,1,0,1,6,0
KA1503000023,Stony Island Ave & 67th St,0,0,0,3,0
KA1503000024,Yates Blvd & 75th St,0,0,0,3,0
KA1503000025,Wentworth Ave & 63rd St,1,0,0,1,0
KA1503000027,Prairie Ave & 43rd St,0,1,0,0,0
KA1503000028,Jeffery Blvd & 76th St,1,1,0,1,0
KA1503000029,South Shore Dr & 67th St,1,0,0,1,0
KA1503000030,Jeffery Blvd & 67th St,0,0,0,1,0
KA1503000031,Cottage Grove Ave & 67th St,0,0,0,1,0
KA1503000032,Union Ave & Root St,0,0,0,3,0
KA1503000033,Eberhart Ave & 61st St,2,0,0,3,0
KA1503000034,LaSalle St & Adams St,60,1,7,71,0
KA1503000038,Shields Ave & 31st St,0,1,0,2,0
KA1503000040,Loomis St & Archer Ave,0,0,0,1,0
KA1503000041,McClurg Ct & Erie St,9,2,5,22,0
KA1503000043,Kingsbury St & Kinzie St,12,2,1,28,0
KA1503000044,Rush St & Hubbard St,37,1,6,83,0
KA1503000045,Stony Island Ave & 71st St,0,0,0,5,0
KA1503000046,Dorchester Ave & 63rd St,0,1,0,1,0
KA1503000047,Perry Ave & 69th St,1,0,0,1,0
KA1503000049,Rainbow Beach,0,0,0,0,0
KA1503000049.1,Rainbow - Beach,0,0,0,0,0
KA1503000051,Halsted St & 47th Pl,0,0,0,5,0
KA1503000052,Ellis Ave & 53rd St,1,0,0,10,0
KA1503000053,MLK Jr Dr & 63rd St,1,0,0,4,0
KA1503000054,Cottage Grove Ave & 63rd St,3,2,0,5,0
KA1503000055,Halsted St & 63rd St,3,0,3,4,0
KA1503000059,Lake Park Ave & 53rd St,3,0,2,35,0
KA1503000064,Dusable Harbor,15,1,0,3,0
KA1503000065,Woodlawn Ave & Lake Park Ave,2,0,1,4,0
KA1503000066,Wood St & 35th St,1,1,0,3,0
KA1503000068,Leavitt St & Archer Ave,2,1,0,2,0
KA1503000069,Dorchester Ave & 49th St,0,0,0,10,0
KA1503000070,Harper Ave & 59th St,7,0,0,8,0
KA1503000071,University Ave & 57th St,4,0,2,6,0
KA1503000072,Wacker Dr & Washington St,10,0,3,44,0
KA1503000073,MLK Jr Dr & 56th St,5,0,1,1,0
KA1503000074,Museum of Science and Industry,12,0,1,19,0
KA1503000075,DuSable Museum,1,0,2,0,0
KA1504000076,Ellis Ave & 55th St,3,0,2,1,0
KA1504000078,Lincoln Ave & Winona St,0,0,1,6,0
KA1504000079,Larrabee St & Division St,0,0,0,4,0
KA1504000080,Washtenaw Ave & Lawrence Ave,0,0,1,6,0
KA1504000082,Kedzie Ave & Harrison St,0,5,1,0,0
KA1504000086,Kedzie Ave & 24th St,0,3,1,7,0
KA1504000090,St. Louis Ave & Fullerton Ave,1,0,4,15,0
KA1504000091,Hoyne Ave & 47th St,0,0,0,10,0
KA1504000093,Rockwell St & Eastwood Ave,0,0,1,9,0
KA1504000096,Sawyer Ave & Irving Park Rd,0,0,0,8,0
KA1504000097,Drake Ave & Montrose Ave,0,0,0,5,0
KA150400009X,Kimball Ave & Belmont Ave,0,0,0,6,0
KA1504000101,Ogden Ave & Roosevelt Rd,0,0,0,3,0
KA1504000102,Fairfield Ave & Roosevelt Rd,0,1,2,1,0
KA1504000103,Western Ave & Walton St,5,4,2,26,0
KA1504000104,Paulina St & Flournoy St,5,2,0,0,0
KA1504000106,Kedzie Ave & Lake St,2,1,1,0,0
KA1504000109,Washtenaw Ave & Ogden Ave,0,0,1,0,0
KA1504000110,Millard Ave & 26th St,0,1,1,15,0
KA1504000113,Sacramento Blvd & Franklin Blvd,1,1,0,2,0
KA1504000114,Kedzie Ave & Chicago Ave,1,0,1,9,0
KA1504000116,Larrabee St & Oak St,0,0,0,1,0
KA1504000117,Halsted St & North Branch St,0,1,0,1,0
KA1504000126,Kedzie Ave & Leland Ave,4,1,0,12,0
KA1504000127,Manor Ave & Leland Ave,0,0,0,2,0
KA1504000128,Kedzie Ave & Foster Ave,0,2,0,1,0
KA1504000129,Western Ave & Granville Ave,1,0,0,15,0
KA1504000130,Maplewood Ave & Peterson Ave,3,1,0,1,0
KA1504000133,Rush St & Cedar St,3,0,3,95,0
KA1504000134,Ritchie Ct & Banks St,2,0,1,7,0
KA1504000135,Wells St & Elm St,0,1,2,24,0
KA1504000139,Monticello Ave & Irving Park Rd,2,0,0,5,0
KA1504000140,Winchester Ave & Elston Ave,1,0,1,5,0
KA1504000141,Pulaski Rd & Eddy St (Temp),0,0,0,5,0
KA1504000142,Drake Ave & Addison St,0,0,0,2,0
KA1504000143,Leavitt St & Addison St,0,0,0,18,0
KA1504000146,Clark St & Berwyn Ave,0,0,1,57,0
KA1504000147,Winchester (Ravenswood) Ave & Balmoral Ave,1,0,0,2,0
KA1504000148,Clark St & Elmdale Ave,1,0,0,6,0
KA1504000149,Damen Ave & Foster Ave,0,0,0,1,0
KA1504000151,Clark St & Bryn Mawr Ave,0,3,1,11,0
KA1504000155,2112 W Peterson Ave,3,0,0,0,0
KA1504000156,Clark St & Schreiber Ave,1,1,1,29,0
KA1504000158,Oakley Ave & Irving Park Rd,0,2,1,6,0
KA1504000159,Sheridan Rd & Greenleaf Ave,0,0,0,12,0
KA1504000160,Francisco Ave & Foster Ave,0,1,0,0,0
KA1504000161,St. Louis Ave & Balmoral Ave,1,2,0,2,0
KA1504000162,Clark St & Lunt Ave,0,0,0,14,0
KA1504000164,Keystone Ave & Montrose Ave,0,0,0,5,0
KA1504000167,Kedzie Ave & Bryn Mawr Ave,0,1,0,2,0
KA1504000168,Western Ave & 28th St,0,0,0,0,0
KA1504000171,Marine Dr & Ainslie St,2,0,1,4,0
KA1504000175,Glenwood Ave & Morse Ave,0,0,0,16,0
KA17018054,Damen Ave & Walnut (Lake) St,1,1,0,6,0
KA17018068,Leavitt St & Belmont Ave,1,0,0,11,0
KA1706005007,Delano Ct & Roosevelt Rd,1,0,3,16,0
KA1706005015,Kildare Ave & Montrose Ave,0,0,0,4,0
KP1705001026,LaSalle Dr & Huron St,7,1,1,32,0
LF-005,DuSable Lake Shore Dr & North Blvd,6,0,1,1,0
LP-,Lincoln Park Conservatory,29,0,0,9,0
Lincoln Ave & Roscoe St - Charging,Lincoln Ave & Roscoe St - Charging,3,3,1,12,0
OH Charging Stx - Test,OH Charging Stx - Test,0,0,0,0,0
PI00001,Damen Ave/Coulter St,0,0,0,3,0
PI00002,Streeter Dr/Grand Ave,18,0,1,9,0
PI00003,Leavitt St/North Ave,10,1,1,55,0
Pawel Bialowas - Test- PBSC charging station,Pawel Bialowas - Test- PBSC charging station,0,0,1,10,0
RN-,Franklin St & Illinois St,14,2,2,36,0
RP-001,Warren Park West,0,0,0,8,0
RP-002,Warren Park East,0,0,0,0,0
RP-004,Oakley Ave & Touhy Ave,1,0,0,3,0
RP-005,Western Ave & Lunt Ave,2,0,0,1,0
RP-006,Ridge Blvd & Touhy Ave,0,0,0,4,0
RP-007,Clark St & Touhy Ave,0,0,0,16,0
RP-008,Clark St & Columbia Ave,0,1,0,17,0
RP-009,Sheridan Rd & Loyola Ave,12,1,1,12,0
SL-005,Indiana Ave & Roosevelt Rd,6,0,2,15,0
SL-006,Wells St & 19th St,20,0,0,9,0
SL-007,State St & Harrison St,71,3,3,33,0
SL-008,Federal St & Polk St,61,3,4,37,0
SL-009,Clark St & 9th St (AMLI),3,1,4,35,0
SL-010,Financial Pl & Ida B Wells Dr,61,1,3,26,0
SL-011,Wells St & Polk St,32,1,1,18,0
SL-012,Wabash Ave & 16th St,1,2,1,7,0
SL-013,State St & 19th St,5,2,0,8,0
TA1305000001,Wabash Ave & Cermak Rd,1,2,1,19,0
TA1305000002,Wabash Ave & Roosevelt Rd,5,0,4,15,0
TA1305000003,Fairbanks Ct & Grand Ave,23,1,7,65,0
TA1305000004,McCormick Place,1,0,1,3,0
TA1305000005,Dearborn St & Adams St,72,3,10,95,0
TA1305000006,Dearborn St & Monroe St,26,2,8,105,0
TA1305000009,Clark St & Ida B Wells Dr,76,2,3,37,0
TA1305000010,Michigan Ave & Ida B Wells Dr,74,2,3,32,0
TA1305000011,Michigan Ave & Lake St,35,1,10,72,0
TA1305000014,Clark St & Wrightwood Ave,7,3,3,34,0
TA1305000017,Halsted St & Roosevelt Rd,12,0,0,8,0
TA1305000020,Ogden Ave & Chicago Ave,1,3,0,7,0
TA1305000022,Orleans St & Merchandise Mart Plaza,12,1,2,35,0
TA1305000025,Franklin St & Jackson Blvd,44,0,4,32,0
TA1305000029,State St & Randolph St,18,2,10,94,0
TA1305000030,Clark St & Randolph St,16,2,9,72,0
TA1305000032,Clinton St & Madison St,10,2,2,36,0
TA1305000034,Honore St & Division St,2,0,0,49,0
TA1305000035,State St & Van Buren St,91,2,4,54,0
TA1305000037,Paulina Ave & North Ave,0,1,1,51,0
TA1305000039,Elston Ave & Cortland St,1,0,1,4,0
TA1305000041,Damen Ave & Pierce Ave,8,0,2,91,0
TA1306000002,Morgan Ave & 14th Pl,2,0,0,2,0
TA1306000003,Desplaines St & Kinzie St,0,0,1,15,0
TA1306000006,Orleans St & Elm St,0,1,0,10,0
TA1306000007,Larrabee St & Menomonee St,0,0,1,4,0
TA1306000008,Larrabee St & North Ave,2,0,1,19,0
TA1306000009,Larrabee St & Kingsbury St,0,0,0,2,0
TA1306000010,Daley Center Plaza,14,2,11,104,0
TA1306000011,Wells St & Walton St,2,1,1,17,0
TA1306000012,Wells St & Huron St,4,0,1,25,0
TA1306000013,New St & Illinois St,15,2,6,34,0
TA1306000014,Wilton Ave & Diversey Pkwy,2,2,2,12,0
TA1306000015,Sangamon St & Lake St,2,0,4,46,0
TA1306000016,Sheffield Ave & Fullerton Ave,7,3,1,7,0
TA1306000025,Racine Ave & Congress Pkwy,3,1,0,3,0
TA1306000026,Racine Ave & Fullerton Ave (Temp),6,1,1,14,0
TA1306000029,McClurg Ct & Ohio St,9,2,5,21,0
TA1306000032,Sheffield Ave & Willow St,1,1,3,44,0
TA1307000001,Greenview Ave & Fullerton Ave,0,3,0,29,0
TA1307000005,Indiana Ave & 26th St,1,1,2,1,0
TA1307000006,Southport Ave & Wellington Ave,0,5,2,11,0
TA1307000038,Sedgwick St & North Ave,2,0,0,23,0
TA1307000039,Clark St & Elm St,1,1,3,50,0
TA1307000041,DuSable Lake Shore Dr & Wellington Ave,6,0,2,3,0
TA1307000044,Clinton St & 18th St,1,0,0,2,0
TA1307000048,Fort Dearborn Dr & 31st St,2,0,0,0,0
TA1307000052,Sheffield Ave & Wellington Ave,3,2,3,31,0
TA1307000061,State St & Pearson St,12,1,2,144,0
TA1307000062,Sedgwick St & Huron St,2,1,1,15,0
TA1307000064,Lincoln Ave & Diversey Pkwy,1,4,0,5,0
TA1307000066,Damen Ave & Coulter St,0,0,0,3,0
TA1307000070,Damen Ave & Thomas St (Augusta Blvd),1,0,0,21,0
TA1307000107,Sheridan Rd & Montrose Ave,2,1,3,25,0
TA1307000111,Franklin St & Lake St,12,1,3,41,0
TA1307000113,Southport Ave & Wrightwood Ave,0,0,0,23,0
TA1307000115,Clybourn Ave & Division St,0,0,0,10,0
TA1307000117,Wabash Ave & Grand Ave,36,1,4,88,0
TA1307000119,Clarendon Ave & Leland Ave,3,1,1,3,0
TA1307000120,Green St & Madison St,7,1,5,68,0
TA1307000121,Halsted St & Polk St,14,0,1,2,0
TA1307000124,Michigan Ave & 14th St,0,1,2,6,0
TA1307000126,Sheffield Ave & Waveland Ave,12,3,1,38,0
TA1307000127,Clark St & Grace St,8,2,0,17,0
TA1307000128,Dearborn Pkwy & Delaware Pl,7,1,1,107,0
TA1307000129,State St & 35th St,1,0,0,4,0
TA1307000130,Morgan St & Polk St,12,0,0,3,0
TA1307000131,Wabash Ave & Wacker Pl,41,1,10,77,0
TA1307000134,Wilton Ave & Belmont Ave,2,2,4,30,0
TA1307000136,Clark St & Wellington Ave,2,2,4,52,0
TA1307000138,Wood St & Webster Ave,0,0,0,9,0
TA1307000139,MLK Jr Dr & 29th St,2,0,0,0,0
TA1307000140,Western Ave & Leland Ave,1,0,2,28,0
TA1307000142,Clark St & Drummond Pl,8,2,4,45,0
TA1307000143,Sedgwick St & Schiller St,2,0,0,28,0
TA1307000144,Wolcott (Ravenswood) Ave & Montrose Ave,1,1,0,13,0
TA1307000149,Ravenswood Ave & Irving Park Rd,2,1,5,23,0
TA1307000150,Pine Grove Ave & Waveland Ave,3,1,3,34,0
TA1307000151,Wells St & Hubbard St,16,1,2,41,0
TA1307000153,Emerald Ave & 28th St,1,1,1,5,0
TA1307000156,Lincoln Ave & Sunnyside Ave,0,0,0,18,0
TA1307000158,Damen Ave & Leland Ave,2,1,1,9,0
TA1307000159,Paulina St & 18th St,1,1,1,13,0
TA1307000160,Prairie Ave & Garfield Blvd,5,0,1,1,0
TA1307000161,Halsted St & 37th St,0,0,0,4,0
TA1307000163,Clifton Ave & Armitage Ave,1,1,4,34,0
TA1307000164,Woodlawn Ave & 55th St,2,0,0,5,0
TA1307000166,Halsted St & Willow St,0,0,3,26,0
TA1308000001,Theater on the Lake,19,0,0,0,0
TA1308000002,Greenwood Ave & 47th St,2,0,1,9,0
TA1308000005,Leavitt St & North Ave,10,1,1,56,0
TA1308000006,Damen Ave & Grand Ave,0,1,0,15,0
TA1308000007,MLK Jr Dr & 47th St,11,1,0,5,0
TA1308000009,Shore Dr & 55th St,5,0,0,10,0
TA1308000012,Montrose Harbor,5,0,0,0,0
TA1308000013,Halsted St & Archer Ave,1,0,0,5,0
TA1308000014,Normal Ave & Archer Ave,1,0,0,3,0
TA1308000019,Racine Ave & Belmont Ave,1,1,2,11,0
TA1308000021,Winthrop Ave & Lawrence Ave,2,3,3,28,0
TA1308000022,Pine Grove Ave & Irving Park Rd,3,3,1,34,0
TA1308000023,Cottage Grove Ave & 43rd St,1,0,1,3,0
TA1308000026,Wentworth Ave & 24th St (Temp),15,1,1,32,0
TA1308000029,Stetson Ave & South Water St,33,1,9,42,0
TA1308000031,Logan Blvd & Elston Ave,1,0,0,19,0
TA1308000035,Lake Park Ave & 47th St,0,0,1,10,0
TA1308000036,Indiana Ave & 31st St,1,2,0,2,0
TA1308000038,Cottage Grove Ave & Oakwood Blvd,0,0,1,0,0
TA1308000043,Halsted St & 35th St,1,0,0,9,0
TA1308000045,Wallace St & 35th St,0,0,0,5,0
TA1308000046,Morgan St & 31st St,2,4,1,11,0
TA1308000047,Southport Ave & Clark St,1,0,0,4,0
TA1308000049,Wells St & Evergreen Ave,0,1,1,28,0
TA1308000050,Wells St & Concord Ln,6,1,1,25,0
TA1309000001,Halsted St & Maxwell St,7,0,0,11,0
TA1309000002,Michigan Ave & Jackson Blvd,0,3,3,46,0
TA1309000003,Western Ave & 24th St,0,0,0,8,0
TA1309000004,LaSalle St & Jackson Blvd,71,1,5,61,0
TA1309000006,Larrabee St & Armitage Ave,4,0,1,10,0
TA1309000007,Franklin St & Monroe St,33,0,5,41,0
TA1309000008,Franklin St & Adams St (Temp),33,0,4,40,0
TA1309000010,Wabash Ave & 9th St,7,2,2,28,0
TA1309000011,Ellis Ave & 58th St,4,0,2,4,0
TA1309000012,Damen Ave & Sunnyside Ave,0,1,0,17,0
TA1309000014,Clark St & Leland Ave,1,0,1,7,0
TA1309000015,Leavitt St & Lawrence Ave,1,0,2,26,0
TA1309000018,Ravenswood Ave & Berteau Ave,2,2,1,10,0
TA1309000019,Lakeview Ave & Fullerton Pkwy,13,1,2,11,0
TA1309000021,Paulina St & Montrose Ave,3,1,0,11,0
TA1309000023,Sheffield Ave & Wrightwood Ave,7,3,1,9,0
TA1309000024,Clark St & Schiller St,4,0,2,23,0
TA1309000025,Halsted St & Roscoe St,0,0,4,42,0
TA1309000026,Lincoln Ave & Belle Plaine Ave,0,3,3,30,0
TA1309000027,Sheridan Rd & Buena Ave,3,0,3,31,0
TA1309000029,Leavitt St & Armitage Ave,2,0,0,23,0
TA1309000030,Southport Ave & Clybourn Ave,0,3,2,28,0
TA1309000032,Elston Ave & Wabansia Ave,1,0,1,7,0
TA1309000033,Sheffield Ave & Webster Ave,6,2,0,13,0
TA1309000035,Clark St & Winnemac Ave,1,0,1,44,0
TA1309000036,Burling St & Diversey Pkwy,2,3,2,50,0
TA1309000037,Kimbark Ave & 53rd St,2,0,0,24,0
TA1309000039,DuSable Lake Shore Dr & Diversey Pkwy,12,1,2,6,0
TA1309000041,Sheridan Rd & Lawrence Ave,5,2,5,27,0
TA1309000042,Lincoln Ave & Belmont Ave (Temp),2,1,2,11,0
TA1309000043,Southport Ave & Irving Park Rd,1,0,0,6,0
TA1309000049,DuSable Lake Shore Dr & Belmont Ave,2,0,1,17,0
TA1309000050,Lincoln Ave & Addison St,1,4,0,12,0
TA1309000051,Commercial Ave & 83rd St,0,1,0,0,0
TA1309000053,Cottage Grove Ave & 47th St,2,0,0,7,0
TA1309000055,Emerald Ave & 31st St,0,2,1,11,0
TA1309000058,Lincoln Ave & Fullerton Ave,6,3,0,24,0
TA1309000059,Racine Ave & Wrightwood Ave,1,1,1,10,0
TA1309000061,Halsted St & Wrightwood Ave,3,1,1,20,0
TA1309000063,Lake Park Ave & 56th St,6,0,2,25,0
TA1309000064,Wolcott Ave & Polk St,5,2,2,4,0
TA1309000066,Ravenswood Ave & Lawrence Ave,2,1,1,13,0
TA1309000067,Cottage Grove Ave & 51st St,2,0,0,3,0
Throop/Hastings Mobile Station,Throop/Hastings Mobile Station,1,0,0,1,0
WL-008,Clinton St & Roosevelt Rd,6,0,1,34,0
WL-011,Jefferson St & Monroe St,9,3,5,37,0
WL-012,Clinton St & Washington Blvd,9,1,2,31,0
Wilton Ave & Diversey Pkwy - Charging,Wilton Ave & Diversey Pkwy - Charging,2,2,2,13,0
chargingstx0,Wilton Ave & Diversey Pkwy*,2,2,2,12,0
chargingstx06,Fort Dearborn Dr & 31st St*,2,0,0,0,0
chargingstx07,Wentworth Ave & Cermak Rd*,15,1,1,32,0
chargingstx1,Bissell St & Armitage Ave*,1,2,4,23,0
chargingstx3,Green St & Randolph St*,7,0,7,69,0
chargingstx4,Morgan St & Lake St*,2,0,4,52,0
chargingstx5,Lincoln Ave & Roscoe St*,3,3,1,11,0
